Index,Author Name,Romanized Name,Year,Title,Work Link,Kanji Count,Total Characters,Characters Per Sentence
0,森 鴎外,Ogai Mori,1916,伊沢蘭軒,http://www.aozora.gr.jp/cards/000129/files/2084_17397.html,4145,566413,25
1,徳冨 蘆花,Roka Tokutomi,1933,みみずのたはこと,http://www.aozora.gr.jp/cards/000279/files/1704_6917.html,3285,479618,32
2,アンデルセン ハンス・クリスチャン,Hans Christian Andersen,1967,即興詩人,http://www.aozora.gr.jp/cards/000019/files/4376_19283.html,3179,403350,32
3,尾崎 紅葉,Koyo Ozaki,1897,金色夜叉,http://www.aozora.gr.jp/cards/000091/files/522_19603.html,3112,548255,40
4,徳富 蘇峰,Soho Tokutomi,1892,吉田松陰,http://www.aozora.gr.jp/cards/001369/files/51204_62108.html,2962,216858,42
5,モース エドワード・シルヴェスター,Edward Sylvester Morse,1929,日本その日その日,http://www.aozora.gr.jp/cards/001764/files/55990_60221.html,2887,422860,43
6,夢野 久作,Kyusaku Yumeno,1992,ドグラ・マグラ,http://www.aozora.gr.jp/cards/000096/files/2093_28841.html,2873,435314,41
7,吉川 英治,Eiji Yoshikawa,1927,江戸三国志,http://www.aozora.gr.jp/cards/001562/files/57875_60802.html,2862,631733,38
8,大鹿 卓,Taku Oshika,1972,渡良瀬川,http://www.aozora.gr.jp/cards/001476/files/51155_59739.html,2847,200700,39
9,夏目 漱石,Soseki Natsume,1905,吾輩は猫である,http://www.aozora.gr.jp/cards/000148/files/789_14547.html,2843,406603,36
10,森 鴎外,Ogai Mori,1916,渋江抽斎,http://www.aozora.gr.jp/cards/000129/files/2058_19628.html,2794,303955,33
11,幸田 露伴,Rohan Koda,1940,努力論,http://www.aozora.gr.jp/cards/000051/files/4331_42264.html,2791,141279,58
12,小栗 虫太郎,Mushitaro Oguri,1934,黒死館殺人事件,http://www.aozora.gr.jp/cards/000125/files/1317_23268.html,2786,341537,47
13,横光 利一,Riichi Yokomitsu,1998,旅愁,http://www.aozora.gr.jp/cards/000168/files/2246_20011.html,2780,403544,39
14,河口 慧海,Ekai Kwaguchi,1904,チベット旅行記,http://www.aozora.gr.jp/cards/001404/files/49966_44769.html,2759,558174,49
15,久生 十蘭,Juran Hisao,1937,魔都,http://www.aozora.gr.jp/cards/001224/files/46076_49499.html,2729,226368,42
16,国枝 史郎,Shiro Kunieda,1922,蔦葛木曽棧,http://www.aozora.gr.jp/cards/000255/files/47055_58737.html,2724,385094,28
17,吉川 英治,Eiji Yoshikawa,1989,三国志,http://www.aozora.gr.jp/cards/001562/files/52418_51069.html,2716,233785,32
18,吉川 英治,Eiji Yoshikawa,1940,源頼朝,http://www.aozora.gr.jp/cards/001562/files/56144_60015.html,2675,375851,29
19,南方 熊楠,Kumagusu Minakata,1918,十二支考,http://www.aozora.gr.jp/cards/000093/files/2537_21654.html,2670,109700,66
20,与謝野 寛,Hiroshi Yosano,1914,巴里より,http://www.aozora.gr.jp/cards/000320/files/2168_42800.html,2652,365397,44
21,宮本 百合子,Yuriko Miyamoto,1947,道標,http://www.aozora.gr.jp/cards/000311/files/2012_7798.html,2634,645804,42
22,ゲーテ ヨハン・ヴォルフガング・フォン,Johann Wolfgang von Goethe,1996,ファウスト,http://www.aozora.gr.jp/cards/001025/files/50909_49238.html,2633,396594,15
23,吉川 英治,Eiji Yoshikawa,1990,随筆　新平家,http://www.aozora.gr.jp/cards/001562/files/52436_50711.html,2624,184614,39
24,内藤 鳴雪,Meisetsu Naito,1922,鳴雪自叙伝,http://www.aozora.gr.jp/cards/000684/files/4829_35079.html,2621,145764,51
25,国枝 史郎,Shiro Kunieda,1976,神州纐纈城,http://www.aozora.gr.jp/cards/000255/files/1403_41259.html,2618,210498,21
26,吉川 英治,Eiji Yoshikawa,1925,剣難女難,http://www.aozora.gr.jp/cards/001562/files/56151_60109.html,2617,280067,38
27,吉川 英治,Eiji Yoshikawa,1989,宮本武蔵,http://www.aozora.gr.jp/cards/001562/files/52399_49787.html,2613,325748,33
28,吉川 英治,Eiji Yoshikawa,1953,折々の記,http://www.aozora.gr.jp/cards/001562/files/55252_51166.html,2609,167835,44
29,吉川 英治,Eiji Yoshikawa,1939,新書太閤記,http://www.aozora.gr.jp/cards/001562/files/56757_57471.html,2608,254612,33
30,長塚 節,Takashi Nagatsuka,1912,土,http://www.aozora.gr.jp/cards/000118/files/1745_16941.html,2602,1237467,39
31,幸田 露伴,Rohan Koda,1925,運命,http://www.aozora.gr.jp/cards/000051/files/1452_16991.html,2594,215847,37
32,吉川 英治,Eiji Yoshikawa,1939,新書太閤記,http://www.aozora.gr.jp/cards/001562/files/56758_57892.html,2589,254353,33
33,与謝野 寛,Hiroshi Yosano,1930,満蒙遊記,http://www.aozora.gr.jp/cards/000320/files/43481_60203.html,2587,95814,43
34,直木 三十五,Sanjugo Naoki,1989,南国太平記,http://www.aozora.gr.jp/cards/000216/files/45567_26392.html,2585,404158,28
35,吉川 英治,Eiji Yoshikawa,1950,平の将門,http://www.aozora.gr.jp/cards/001562/files/56076_53347.html,2575,226665,32
36,北原 白秋,Hakushu Kitahara,1925,フレップ・トリップ,http://www.aozora.gr.jp/cards/000106/files/53493_49152.html,2569,160838,25
37,夏目 漱石,Soseki Natsume,1907,虞美人草,http://www.aozora.gr.jp/cards/000148/files/761_14485.html,2561,301050,23
38,本庄 陸男,Mutsuo Honjo,1939,石狩川,http://www.aozora.gr.jp/cards/000303/files/1875_51093.html,2561,252620,28
39,ホーマー,Homer,1940,イーリアス,http://www.aozora.gr.jp/cards/001099/files/46996_40612.html,2552,354181,20
40,岡本 綺堂,Kido Okamoto,1995,綺堂むかし語り,http://www.aozora.gr.jp/cards/000082/files/1306_14484.html,2552,192127,40
41,吉川 英治,Eiji Yoshikawa,1990,宮本武蔵,http://www.aozora.gr.jp/cards/001562/files/52400_49789.html,2543,276953,31
42,吉川 英治,Eiji Yoshikawa,1939,新書太閤記,http://www.aozora.gr.jp/cards/001562/files/56756_57386.html,2535,246263,30
43,吉川 英治,Eiji Yoshikawa,1989,三国志,http://www.aozora.gr.jp/cards/001562/files/52414_51065.html,2529,194521,30
44,林 不忘,Fubo Hayashi,1927,丹下左膳,http://www.aozora.gr.jp/cards/000290/files/24376_19396.html,2524,352044,37
45,薄田 泣菫,Kyukin Susukida,1916,茶話,http://www.aozora.gr.jp/cards/000150/files/46615_50730.html,2518,246791,37
46,吉川 英治,Eiji Yoshikawa,1939,新書太閤記,http://www.aozora.gr.jp/cards/001562/files/56760_58810.html,2516,227124,31
47,吉川 英治,Eiji Yoshikawa,1939,新書太閤記,http://www.aozora.gr.jp/cards/001562/files/56759_58732.html,2502,230822,34
48,吉川 英治,Eiji Yoshikawa,1989,三国志,http://www.aozora.gr.jp/cards/001562/files/52417_51068.html,2493,213797,31
49,高木 敏雄,Toshio Takagi,1904,比較神話学,http://www.aozora.gr.jp/cards/001191/files/55276_59543.html,2491,166824,48
50,吉川 英治,Eiji Yoshikawa,1989,三国志,http://www.aozora.gr.jp/cards/001562/files/52416_51488.html,2491,189121,29
51,吉川 英治,Eiji Yoshikawa,1989,三国志,http://www.aozora.gr.jp/cards/001562/files/52419_51070.html,2489,224766,32
52,牧野 富太郎,Tomitaro Makino,1953,植物一日一題,http://www.aozora.gr.jp/cards/001266/files/46820_29303.html,2479,145640,56
53,吉川 英治,Eiji Yoshikawa,1939,新書太閤記,http://www.aozora.gr.jp/cards/001562/files/56754_55009.html,2477,229901,29
54,南方 熊楠,Kumagusu Minakata,1920,十二支考,http://www.aozora.gr.jp/cards/000093/files/2539_34823.html,2473,82104,67
55,薄田 泣菫,Kyukin Susukida,1917,茶話,http://www.aozora.gr.jp/cards/000150/files/46616_53817.html,2469,250357,34
56,牧野 富太郎,Tomitaro Makino,1943,植物記,http://www.aozora.gr.jp/cards/001266/files/51368_56013.html,2463,156599,48
57,吉川 英治,Eiji Yoshikawa,1939,新書太閤記,http://www.aozora.gr.jp/cards/001562/files/56755_55013.html,2456,227998,29
58,泉 鏡花,Kyoka Izumi,1907,婦系図,http://www.aozora.gr.jp/cards/000050/files/1087_34456.html,2453,266107,33
59,吉川 英治,Eiji Yoshikawa,1989,三国志,http://www.aozora.gr.jp/cards/001562/files/52411_51062.html,2441,191911,30
60,吉川 英治,Eiji Yoshikawa,1989,三国志,http://www.aozora.gr.jp/cards/001562/files/52412_51063.html,2438,183268,29
61,鳥谷部 春汀,Shuntei Toyabe,1909,明治人物月旦（抄）,http://www.aozora.gr.jp/cards/001161/files/43624_29542.html,2438,176942,93
62,夢野 久作,Kyusaku Yumeno,1933,暗黒公使,http://www.aozora.gr.jp/cards/000096/files/2100_49058.html,2437,210320,41
63,吉川 英治,Eiji Yoshikawa,1990,随筆　宮本武蔵,http://www.aozora.gr.jp/cards/001562/files/52434_49777.html,2434,147062,52
64,吉川 英治,Eiji Yoshikawa,1989,三国志,http://www.aozora.gr.jp/cards/001562/files/52415_51066.html,2431,192772,31
65,中里 介山,Kaizan Nakazato,1976,大菩薩峠,http://www.aozora.gr.jp/cards/000283/files/4342_14330.html,2431,229014,54
66,ユゴー ヴィクトル,Victor Hugo,1987,レ・ミゼラブル,http://www.aozora.gr.jp/cards/001094/files/42603_26041.html,2430,302722,33
67,鳥谷部 春汀,Shuntei Toyabe,1909,明治人物月旦（抄）,http://www.aozora.gr.jp/cards/001161/files/48122_29544.html,2428,141588,93
68,南方 熊楠,Kumagusu Minakata,1921,十二支考,http://www.aozora.gr.jp/cards/000093/files/2540_35098.html,2426,74902,59
69,吉川 英治,Eiji Yoshikawa,1942,折々の記,http://www.aozora.gr.jp/cards/001562/files/55316_51583.html,2422,103782,47
70,柳田 国男,Kunio Yanagita,1924,木綿以前の事,http://www.aozora.gr.jp/cards/001566/files/53104_50767.html,2421,213032,56
71,徳田 秋声,Shusei Tokuda,1969,仮装人物,http://www.aozora.gr.jp/cards/000023/files/1699_46893.html,2413,219039,44
72,平野 万里,Banri Hirano,1949,晶子鑑賞,http://www.aozora.gr.jp/cards/000294/files/1858_15766.html,2410,127831,40
73,吉川 英治,Eiji Yoshikawa,1939,新書太閤記,http://www.aozora.gr.jp/cards/001562/files/56633_55005.html,2408,233390,30
74,吉川 英治,Eiji Yoshikawa,1989,三国志,http://www.aozora.gr.jp/cards/001562/files/52413_51064.html,2407,183726,30
75,中里 介山,Kaizan Nakazato,1976,大菩薩峠,http://www.aozora.gr.jp/cards/000283/files/4321_14286.html,2401,212067,53
76,三上 於菟吉,Otokichi Mikami,1934,雪之丞変化,http://www.aozora.gr.jp/cards/000310/files/1911_50609.html,2400,352403,41
77,菊池 寛,Kan Kikuchi,1920,真珠夫人,http://www.aozora.gr.jp/cards/000083/files/13217_18030.html,2395,273321,31
78,ユゴー ヴィクトル,Victor Hugo,1987,レ・ミゼラブル,http://www.aozora.gr.jp/cards/001094/files/42604_26198.html,2393,263273,32
79,福沢 諭吉,Yukichi Fukuzawa,1898,福翁自伝,http://www.aozora.gr.jp/cards/000296/files/1864_61590.html,2393,439238,69
80,吉川 英治,Eiji Yoshikawa,1989,宮本武蔵,http://www.aozora.gr.jp/cards/001562/files/52398_49785.html,2390,216623,34
81,薄田 泣菫,Kyukin Susukida,1918,茶話,http://www.aozora.gr.jp/cards/000150/files/46617_53827.html,2387,216192,34
82,菊池 寛,Kan Kikuchi,1920,真珠夫人,http://www.aozora.gr.jp/cards/000083/files/4822_53600.html,2386,379841,31
83,吉川 英治,Eiji Yoshikawa,1990,宮本武蔵,http://www.aozora.gr.jp/cards/001562/files/52402_49793.html,2385,234865,30
84,徳田 秋声,Shusei Tokuda,1969,縮図,http://www.aozora.gr.jp/cards/000023/files/1698_46840.html,2378,164574,53
85,穂積 陳重,Nobushige Hozumi,1926,法窓夜話,http://www.aozora.gr.jp/cards/000301/files/1872_53638.html,2377,131131,68
86,吉川 英治,Eiji Yoshikawa,1939,新書太閤記,http://www.aozora.gr.jp/cards/001562/files/56568_55001.html,2374,217900,29
87,吉川 英治,Eiji Yoshikawa,1989,三国志,http://www.aozora.gr.jp/cards/001562/files/52410_51061.html,2373,180674,30
88,中里 介山,Kaizan Nakazato,1976,大菩薩峠,http://www.aozora.gr.jp/cards/000283/files/4512_15691.html,2372,162139,64
89,吉川 英治,Eiji Yoshikawa,1948,大岡越前,http://www.aozora.gr.jp/cards/001562/files/56072_51783.html,2369,222473,30
90,宮本 百合子,Yuriko Miyamoto,1979,獄中への手紙,http://www.aozora.gr.jp/cards/000311/files/33188_16391.html,2369,268243,34
91,柴田 宵曲,Shokyoku Shibata,1943,古句を観る,http://www.aozora.gr.jp/cards/001832/files/57179_60631.html,2368,172544,39
92,吉川 英治,Eiji Yoshikawa,1943,黒田如水,http://www.aozora.gr.jp/cards/001562/files/53195_50708.html,2367,201036,34
93,宮本 百合子,Yuriko Miyamoto,1924,伸子,http://www.aozora.gr.jp/cards/000311/files/2015_42509.html,2363,183685,29
94,島崎 藤村,Toson Shimazaki,1918,新生,http://www.aozora.gr.jp/cards/000158/files/843_14595.html,2363,387172,40
95,南方 熊楠,Kumagusu Minakata,1916,十二支考,http://www.aozora.gr.jp/cards/000093/files/1916_29070.html,2351,85004,121
96,ゴーゴリ ニコライ,Nikolai Gogol,1939,死せる魂,http://www.aozora.gr.jp/cards/000207/files/42217_60008.html,2346,120355,49
97,南方 熊楠,Kumagusu Minakata,1914,十二支考,http://www.aozora.gr.jp/cards/000093/files/526_28258.html,2344,71843,111
98,島崎 藤村,Toson Shimazaki,1936,夜明け前,http://www.aozora.gr.jp/cards/000158/files/1507_14593.html,2344,230217,48
99,吉川 英治,Eiji Yoshikawa,1939,新書太閤記,http://www.aozora.gr.jp/cards/001562/files/56761_58895.html,2339,198930,33
100,島崎 藤村,Toson Shimazaki,1906,破戒,http://www.aozora.gr.jp/cards/000158/files/1502_24633.html,2337,287454,32
101,ユゴー ヴィクトル,Victor Hugo,1987,レ・ミゼラブル,http://www.aozora.gr.jp/cards/001094/files/42601_25759.html,2337,237174,33
102,夏目 漱石,Soseki Natsume,1916,明暗,http://www.aozora.gr.jp/cards/000148/files/782_14969.html,2332,401778,31
103,徳富 蘇峰,Soho Tokutomi,1886,将来の日本,http://www.aozora.gr.jp/cards/001369/files/49622_54223.html,2331,113375,46
104,吉川 英治,Eiji Yoshikawa,1942,上杉謙信,http://www.aozora.gr.jp/cards/001562/files/56461_53172.html,2324,148761,33
105,坂口 安吾,Ango Sakaguchi,1938,吹雪物語,http://www.aozora.gr.jp/cards/001095/files/43001_51771.html,2322,194718,29
106,中里 介山,Kaizan Nakazato,1976,大菩薩峠,http://www.aozora.gr.jp/cards/000283/files/4323_14289.html,2315,182059,64
107,ユゴー ヴィクトル,Victor Hugo,1987,レ・ミゼラブル,http://www.aozora.gr.jp/cards/001094/files/42600_25758.html,2314,260434,30
108,木下 尚江,Naoe Kinoshita,1904,火の柱,http://www.aozora.gr.jp/cards/000525/files/3507_16278.html,2312,212458,102
109,中里 介山,Kaizan Nakazato,1976,大菩薩峠,http://www.aozora.gr.jp/cards/000283/files/4345_15615.html,2312,167490,64
110,吉川 英治,Eiji Yoshikawa,1990,宮本武蔵,http://www.aozora.gr.jp/cards/001562/files/52401_49791.html,2311,189613,30
111,宮本 百合子,Yuriko Miyamoto,,婦人と文学,http://www.aozora.gr.jp/cards/000311/files/2927_9212.html,2306,126604,69
112,南方 熊楠,Kumagusu Minakata,1917,十二支考,http://www.aozora.gr.jp/cards/000093/files/2536_20184.html,2298,73041,62
113,中里 介山,Kaizan Nakazato,1976,大菩薩峠,http://www.aozora.gr.jp/cards/000283/files/4340_14290.html,2298,179979,61
114,夏目 漱石,Soseki Natsume,1912,彼岸過迄,http://www.aozora.gr.jp/cards/000148/files/765_14961.html,2295,270226,44
115,吉川 英治,Eiji Yoshikawa,1931,牢獄の花嫁,http://www.aozora.gr.jp/cards/001562/files/56046_60462.html,2294,198586,29
116,国枝 史郎,Shiro Kunieda,1928,娘煙術師,http://www.aozora.gr.jp/cards/000255/files/45395_41411.html,2286,246591,33
117,森 鴎外,Ogai Mori,1910,青年,http://www.aozora.gr.jp/cards/000129/files/2522_5002.html,2285,144394,34
118,宮本 百合子,Yuriko Miyamoto,1981,獄中への手紙,http://www.aozora.gr.jp/cards/000311/files/33192_17354.html,2284,152397,41
119,蒲原 有明,Ariake Kanbara,1946,夢は呼び交す,http://www.aozora.gr.jp/cards/001055/files/43739_28818.html,2282,109752,29
120,二葉亭 四迷,Shimei Futabatei,1951,浮雲,http://www.aozora.gr.jp/cards/000006/files/1869_33656.html,2282,200709,44
121,吉川 英治,Eiji Yoshikawa,1939,新書太閤記,http://www.aozora.gr.jp/cards/001562/files/56762_59547.html,2278,222543,35
122,国枝 史郎,Shiro Kunieda,1976,八ヶ嶽の魔神,http://www.aozora.gr.jp/cards/000255/files/3041_32480.html,2268,179151,22
123,与謝野 晶子,Akiko Yosano,1929,晶子詩篇全集,http://www.aozora.gr.jp/cards/000885/files/2557_15784.html,2266,226671,12
124,新渡戸 稲造,Inazo Nitobe,1929,自警録,http://www.aozora.gr.jp/cards/000718/files/43675_39655.html,2261,268423,51
125,ユゴー ヴィクトル,Victor Hugo,1987,レ・ミゼラブル,http://www.aozora.gr.jp/cards/001094/files/42602_25760.html,2259,216571,31
126,島崎 藤村,Toson Shimazaki,1936,夜明け前,http://www.aozora.gr.jp/cards/000158/files/1504_14585.html,2259,242209,37
127,斎藤 茂吉,Mokichi Saito,1938,万葉秀歌,http://www.aozora.gr.jp/cards/001059/files/5082_32224.html,2258,306987,53
128,ゴーゴリ ニコライ,Nikolai Gogol,1938,死せる魂,http://www.aozora.gr.jp/cards/000207/files/24382_59466.html,2257,141683,40
129,柳田 国男,Kunio Yanagita,1956,雪国の春,http://www.aozora.gr.jp/cards/001566/files/54403_54217.html,2255,114737,52
130,吉川 英治,Eiji Yoshikawa,1934,松のや露八,http://www.aozora.gr.jp/cards/001562/files/33227_61216.html,2254,175097,28
131,中里 介山,Kaizan Nakazato,1976,大菩薩峠,http://www.aozora.gr.jp/cards/000283/files/4339_8287.html,2253,157872,44
132,橘 外男,Sotoo Tachibana,1947,ウニデス潮流の彼方,http://www.aozora.gr.jp/cards/001397/files/51248_62851.html,2246,110949,58
133,中里 介山,Kaizan Nakazato,1976,大菩薩峠,http://www.aozora.gr.jp/cards/000283/files/4344_15487.html,2242,146233,61
134,吉川 英治,Eiji Yoshikawa,1990,私本太平記,http://www.aozora.gr.jp/cards/001562/files/52433_49716.html,2236,139603,34
135,押川 春浪,Shunro Oshikawa,1900,海島冒険奇譚　海底軍艦,http://www.aozora.gr.jp/cards/000077/files/1323_36134.html,2233,740223,60
136,甲賀 三郎,Saburo Koga,1927,支倉事件,http://www.aozora.gr.jp/cards/000260/files/1430_27506.html,2231,167001,34
137,徳永 直,Sunao Tokunaga,1943,光をかかぐる人々,http://www.aozora.gr.jp/cards/001308/files/50066_38025.html,2230,107778,62
138,中里 介山,Kaizan Nakazato,1976,大菩薩峠,http://www.aozora.gr.jp/cards/000283/files/4341_14293.html,2229,182253,62
139,徳冨 蘆花,Roka Tokutomi,1938,小説　不如帰,http://www.aozora.gr.jp/cards/000280/files/1706_44742.html,2228,180992,41
140,夏目 漱石,Soseki Natsume,1912,行人,http://www.aozora.gr.jp/cards/000148/files/775_14942.html,2227,281704,32
141,柳田 国男,Kunio Yanagita,1925,山の人生,http://www.aozora.gr.jp/cards/001566/files/52505_50610.html,2225,134898,55
142,林 不忘,Fubo Hayashi,1933,丹下左膳,http://www.aozora.gr.jp/cards/000290/files/24377_20635.html,2225,257829,33
143,正岡 子規,Shiki Masaoka,1927,墨汁一滴,http://www.aozora.gr.jp/cards/000305/files/1897_18672.html,2224,107650,40
144,小金井 喜美子,Kimiko Koganei,1956,鴎外の思い出,http://www.aozora.gr.jp/cards/001247/files/46831_28793.html,2219,142970,37
145,柳田 国男,Kunio Yanagita,1961,海上の道,http://www.aozora.gr.jp/cards/001566/files/54331_53583.html,2216,212155,75
146,夏目 漱石,Soseki Natsume,1909,それから,http://www.aozora.gr.jp/cards/000148/files/1746_18325.html,2212,440243,29
147,吉川 英治,Eiji Yoshikawa,1989,宮本武蔵,http://www.aozora.gr.jp/cards/001562/files/52397_49783.html,2212,160338,31
148,ロラン ロマン,Romain Rolland,1986,ジャン・クリストフ,http://www.aozora.gr.jp/cards/001093/files/42593_29599.html,2209,222246,30
149,黒岩 涙香,Ruiko Kuroiwa,1901,幽霊塔,http://www.aozora.gr.jp/cards/000179/files/943_20712.html,2208,201463,165
150,島崎 藤村,Toson Shimazaki,1936,夜明け前,http://www.aozora.gr.jp/cards/000158/files/1505_14586.html,2206,212564,42
151,吉川 英治,Eiji Yoshikawa,1990,私本太平記,http://www.aozora.gr.jp/cards/001562/files/52421_49661.html,2200,128983,28
152,国枝 史郎,Shiro Kunieda,1936,剣侠,http://www.aozora.gr.jp/cards/000255/files/45339_26704.html,2198,139611,31
153,夏目 漱石,Soseki Natsume,1909,それから,http://www.aozora.gr.jp/cards/000148/files/56143_50921.html,2197,209366,29
154,ダンテ アリギエリ,Alighieri Dante,1952,神曲,http://www.aozora.gr.jp/cards/000961/files/4618_13199.html,2196,168042,28
155,夏目 漱石,Soseki Natsume,1906,草枕,http://www.aozora.gr.jp/cards/000148/files/776_14941.html,2194,143769,29
156,宮本 百合子,Yuriko Miyamoto,1979,獄中への手紙,http://www.aozora.gr.jp/cards/000311/files/33189_16392.html,2191,210336,34
157,薄田 泣菫,Kyukin Susukida,1998,艸木虫魚,http://www.aozora.gr.jp/cards/000150/files/3309_8193.html,2189,98559,37
158,谷崎 潤一郎,Jun'ichiro Tanizaki,1931,武州公秘話,http://www.aozora.gr.jp/cards/001383/files/56869_60050.html,2188,125302,59
159,永井 荷風,Kafu Nagai,1972,江戸芸術論,http://www.aozora.gr.jp/cards/001341/files/49634_41512.html,2184,148744,57
160,夢野 久作,Kyusaku Yumeno,1935,近世快人伝,http://www.aozora.gr.jp/cards/000096/files/2140_23920.html,2181,90038,39
161,宮本 百合子,Yuriko Miyamoto,1979,獄中への手紙,http://www.aozora.gr.jp/cards/000311/files/33187_15707.html,2180,179120,37
162,吉川 英治,Eiji Yoshikawa,1990,私本太平記,http://www.aozora.gr.jp/cards/001562/files/52429_49707.html,2175,150263,31
163,吉川 英治,Eiji Yoshikawa,1990,私本太平記,http://www.aozora.gr.jp/cards/001562/files/52423_49681.html,2175,142234,28
164,中島 敦,Atsushi Nakajima,1976,光と風と夢,http://www.aozora.gr.jp/cards/000119/files/1743_14532.html,2174,81375,31
165,ドストエフスキー フィヨードル・ミハイロヴィチ,Fedor Mikhailovich Dostoevskii,1968,カラマゾフの兄弟,http://www.aozora.gr.jp/cards/000363/files/42286_37300.html,2174,312959,43
166,島崎 藤村,Toson Shimazaki,1936,夜明け前,http://www.aozora.gr.jp/cards/000158/files/1506_14587.html,2170,192690,41
167,吉川 英治,Eiji Yoshikawa,1989,鳴門秘帖,http://www.aozora.gr.jp/cards/001562/files/52403_50139.html,2166,172672,33
168,中里 介山,Kaizan Nakazato,1976,大菩薩峠,http://www.aozora.gr.jp/cards/000283/files/4507_14283.html,2163,161684,51
169,吉川 英治,Eiji Yoshikawa,1990,私本太平記,http://www.aozora.gr.jp/cards/001562/files/52422_49671.html,2163,136751,29
170,岡本 綺堂,Kido Okamoto,1935,明治劇談　ランプの下にて,http://www.aozora.gr.jp/cards/000082/files/49526_42385.html,2160,145993,56
171,木暮 理太郎,Ritaro Kogure,1915,黒部川奥の山旅,http://www.aozora.gr.jp/cards/001373/files/55994_51330.html,2159,75958,48
172,ストレイチー リットン,Lytton Strachey,1941,エリザベスとエセックス,http://www.aozora.gr.jp/cards/001407/files/50112_42137.html,2155,116634,42
173,三遊亭 円朝,Encho San'yutei,1927,菊模様皿山奇談,http://www.aozora.gr.jp/cards/000989/files/1488_16148.html,2152,308149,56
174,井上 円了,Enryo Inoue,1916,迷信と宗教,http://www.aozora.gr.jp/cards/001021/files/49374_58731.html,2152,135422,46
175,夏目 漱石,Soseki Natsume,1910,門,http://www.aozora.gr.jp/cards/000148/files/785_14971.html,2150,194338,37
176,戸坂 潤,Jun Tosaka,1933,社会時評,http://www.aozora.gr.jp/cards/000281/files/3603_35152.html,2149,139595,60
177,ディケンズ チャールズ,Charles Dickens,1936,二都物語,http://www.aozora.gr.jp/cards/000914/files/43702_18511.html,2148,144336,41
178,林 芙美子,Fumiko Hayashi,1928,新版　放浪記,http://www.aozora.gr.jp/cards/000291/files/1813_30136.html,2147,213329,27
179,島田 清次郎,Seijiro Shimada,1919,地上,http://www.aozora.gr.jp/cards/000595/files/46166_22431.html,2146,132681,34
180,亀井 勝一郎,Katsuichiro Kamei,1953,大和古寺風物誌,http://www.aozora.gr.jp/cards/001870/files/57496_60805.html,2143,143094,39
181,国枝 史郎,Shiro Kunieda,1923,沙漠の古都,http://www.aozora.gr.jp/cards/000255/files/45269_20645.html,2140,103864,30
182,中里 介山,Kaizan Nakazato,1976,大菩薩峠,http://www.aozora.gr.jp/cards/000283/files/4343_14892.html,2139,149814,60
183,倉田 百三,Hyakuzo Kurata,1937,光り合ういのち,http://www.aozora.gr.jp/cards/000256/files/43840_48692.html,2135,100319,29
184,中里 介山,Kaizan Nakazato,1976,大菩薩峠,http://www.aozora.gr.jp/cards/000283/files/3066_14274.html,2134,151663,44
185,宮本 百合子,Yuriko Miyamoto,1981,獄中への手紙,http://www.aozora.gr.jp/cards/000311/files/33193_17924.html,2134,123466,39
186,黒島 伝治,Denji Kuroshima,1978,武装せる市街,http://www.aozora.gr.jp/cards/000037/files/1418_22363.html,2133,96466,26
187,バルザック オノレ・ド,Honoré de Balzac,,ゴリオ爺さん,http://www.aozora.gr.jp/cards/001850/files/57353_57270.html,2131,198443,34
188,夏目 漱石,Soseki Natsume,1915,道草,http://www.aozora.gr.jp/cards/000148/files/783_14967.html,2130,197734,30
189,田山 花袋,Katai Tayama,1966,田舎教師,http://www.aozora.gr.jp/cards/000214/files/1668_26031.html,2130,179644,33
190,正岡 子規,Shiki Masaoka,1902,病牀六尺,http://www.aozora.gr.jp/cards/000305/files/43537_41508.html,2126,104436,47
191,小熊 秀雄,Hideo Oguma,1991,小熊秀雄全集-19,http://www.aozora.gr.jp/cards/000124/files/2421_21876.html,2122,143939,76
192,吉川 英治,Eiji Yoshikawa,1990,私本太平記,http://www.aozora.gr.jp/cards/001562/files/52424_49691.html,2121,136820,29
193,吉川 英治,Eiji Yoshikawa,1990,私本太平記,http://www.aozora.gr.jp/cards/001562/files/52430_49709.html,2121,143361,29
194,徳田 秋声,Shusei Tokuda,1949,あらくれ,http://www.aozora.gr.jp/cards/000023/files/199_44926.html,2119,167463,48
195,国枝 史郎,Shiro Kunieda,1925,名人地獄,http://www.aozora.gr.jp/cards/000255/files/44426_21842.html,2116,136796,26
196,吉川 英治,Eiji Yoshikawa,1990,私本太平記,http://www.aozora.gr.jp/cards/001562/files/52428_49705.html,2113,135488,30
197,林 芙美子,Fumiko Hayashi,1949,浮雲,http://www.aozora.gr.jp/cards/000291/files/52236_58934.html,2112,207321,32
198,岡本 かの子,Kanoko Okamoto,1934,仏教人生読本,http://www.aozora.gr.jp/cards/000076/files/52342_51795.html,2112,107398,44
199,倉田 百三,Hyakuzo Kurata,1950,愛と認識との出発,http://www.aozora.gr.jp/cards/000256/files/2590_20695.html,2111,148724,35
200,横光 利一,Riichi Yokomitsu,1935,上海,http://www.aozora.gr.jp/cards/000168/files/50899_42798.html,2108,127507,31
201,泉 鏡花,Kyoka Izumi,1914,日本橋,http://www.aozora.gr.jp/cards/000050/files/4565_57474.html,2107,141419,28
202,宮本 百合子,Yuriko Miyamoto,1980,獄中への手紙,http://www.aozora.gr.jp/cards/000311/files/33190_16608.html,2106,167364,35
203,井上 円了,Enryo Inoue,2003,南半球五万哩,http://www.aozora.gr.jp/cards/001021/files/50119_44765.html,2099,127544,30
204,幸田 露伴,Rohan Koda,1978,蒲生氏郷,http://www.aozora.gr.jp/cards/000051/files/2709_23559.html,2096,80951,58
205,ロラン ロマン,Romain Rolland,1986,ジャン・クリストフ,http://www.aozora.gr.jp/cards/001093/files/42594_29601.html,2093,163253,33
206,吉川 英治,Eiji Yoshikawa,1990,私本太平記,http://www.aozora.gr.jp/cards/001562/files/52426_49701.html,2092,119035,29
207,村井 弦斎,Gensai Murai,1903,食道楽,http://www.aozora.gr.jp/cards/000810/files/49947_40166.html,2090,203876,43
208,ロラン ロマン,Romain Rolland,1986,ジャン・クリストフ,http://www.aozora.gr.jp/cards/001093/files/42598_29605.html,2089,153867,29
209,谷崎 潤一郎,Jun'ichiro Tanizaki,1924,痴人の愛,http://www.aozora.gr.jp/cards/001383/files/58093_62049.html,2086,187168,44
210,和辻 哲郎,Tetsuro Watsuji,1961,古寺巡礼,http://www.aozora.gr.jp/cards/001395/files/49891_41902.html,2082,123770,41
211,吉川 英治,Eiji Yoshikawa,1990,私本太平記,http://www.aozora.gr.jp/cards/001562/files/52432_49713.html,2081,143308,30
212,谷崎 潤一郎,Jun'ichiro Tanizaki,1943,細雪,http://www.aozora.gr.jp/cards/001383/files/56698_59488.html,2078,154137,80
213,ファーブル ジャン・アンリ,Jean Henri Fabre,1923,科学の不思議,http://www.aozora.gr.jp/cards/001049/files/4920_40113.html,2078,164770,30
214,柳 宗悦,Muneyoshi Yanagi,1920,民芸四十年,http://www.aozora.gr.jp/cards/001520/files/54958_53049.html,2076,149451,30
215,岸田 国士,Kunio Kishida,1939,泉,http://www.aozora.gr.jp/cards/001154/files/43807_48364.html,2073,146565,29
216,太宰 治,Osamu Dazai,1990,津軽,http://www.aozora.gr.jp/cards/000035/files/2282_15074.html,2069,80459,36
217,岸田 国士,Kunio Kishida,1944,荒天吉日,http://www.aozora.gr.jp/cards/001154/files/44090_49150.html,2066,135438,35
218,中里 介山,Kaizan Nakazato,1976,大菩薩峠,http://www.aozora.gr.jp/cards/000283/files/4322_14288.html,2063,134677,58
219,岡本 綺堂,Kido Okamoto,1912,飛騨の怪談,http://www.aozora.gr.jp/cards/000082/files/49682_51215.html,2061,228649,28
220,泉 鏡花,Kyoka Izumi,1940,薄紅梅,http://www.aozora.gr.jp/cards/000050/files/3663_33334.html,2059,91083,32
221,野村 胡堂,Kodo Nomura,1941,楽聖物語,http://www.aozora.gr.jp/cards/001670/files/55088_55377.html,2056,201024,55
222,中里 介山,Kaizan Nakazato,1976,大菩薩峠,http://www.aozora.gr.jp/cards/000283/files/4506_8286.html,2056,140613,44
223,三遊亭 円朝,Encho San'yutei,1926,真景累ヶ淵,http://www.aozora.gr.jp/cards/000989/files/350_33176.html,2053,336419,74
224,宮本 百合子,Yuriko Miyamoto,1947,二つの庭,http://www.aozora.gr.jp/cards/000311/files/2011_6885.html,2050,141691,37
225,三遊亭 円朝,Encho San'yutei,1927,粟田口霑笛竹（澤紫ゆかりの咲分）,http://www.aozora.gr.jp/cards/000989/files/52244_41278.html,2046,265132,77
226,福田 英子,Hideko Fukuda,1904,妾の半生涯,http://www.aozora.gr.jp/cards/000057/files/43276_18829.html,2046,122117,97
227,夢野 久作,Kyusaku Yumeno,1934,梅津只円翁伝,http://www.aozora.gr.jp/cards/000096/files/2142_23060.html,2041,59287,41
228,吉川 英治,Eiji Yoshikawa,1989,鳴門秘帖,http://www.aozora.gr.jp/cards/001562/files/52406_50143.html,2040,164764,34
229,吉川 英治,Eiji Yoshikawa,1990,私本太平記,http://www.aozora.gr.jp/cards/001562/files/52425_49699.html,2034,122640,28
230,泉 鏡花,Kyoka Izumi,1941,黒百合,http://www.aozora.gr.jp/cards/000050/files/4635_18082.html,2032,129486,39
231,吉川 英治,Eiji Yoshikawa,1990,私本太平記,http://www.aozora.gr.jp/cards/001562/files/52427_49703.html,2030,122058,28
232,久生 十蘭,Juran Hisao,1970,だいこん,http://www.aozora.gr.jp/cards/001224/files/46105_48093.html,2030,120427,37
233,幸田 露伴,Rohan Koda,1891,五重塔,http://www.aozora.gr.jp/cards/000051/files/43289_16904.html,2028,78652,375
234,ダンテ アリギエリ,Alighieri Dante,1953,神曲,http://www.aozora.gr.jp/cards/000961/files/42184_16641.html,2023,188116,28
235,内田 魯庵,Roan Uchida,1909,二葉亭四迷の一生,http://www.aozora.gr.jp/cards/000165/files/49573_43499.html,2023,65118,68
236,幸田 露伴,Rohan Koda,1978,連環記,http://www.aozora.gr.jp/cards/000051/files/3556_10336.html,2022,69213,61
237,土井 八枝,Yae Doi,1940,随筆　藪柑子,http://www.aozora.gr.jp/cards/001198/files/45338_60822.html,2022,72725,57
238,関口 存男,Tsugio Sekiguchi,1935,新独逸語文法教程解説,http://www.aozora.gr.jp/cards/001402/files/49940_57497.html,2022,162489,32
239,富田 倫生,Michio Tomita,1985,パソコン創世記,http://www.aozora.gr.jp/cards/000055/files/365_51267.html,2021,400286,57
240,徳田 秋声,Shusei Tokuda,1911,黴,http://www.aozora.gr.jp/cards/000023/files/1702_62367.html,2019,124067,33
241,島崎 藤村,Toson Shimazaki,1967,桃の雫,http://www.aozora.gr.jp/cards/000158/files/4854_31470.html,2018,73724,51
242,野村 胡堂,Kodo Nomura,1959,胡堂百話,http://www.aozora.gr.jp/cards/001670/files/55089_53206.html,2015,102941,35
243,有島 武郎,Takeo Arishima,1922,星座,http://www.aozora.gr.jp/cards/000025/files/216_20490.html,2014,107543,35
244,夏目 漱石,Soseki Natsume,1907,野分,http://www.aozora.gr.jp/cards/000148/files/791_14959.html,2012,126181,25
245,柳田 国男,Kunio Yanagita,1977,年中行事覚書,http://www.aozora.gr.jp/cards/001566/files/53812_50600.html,2008,141067,61
246,チェーホフ アントン,Anton Chekhov,1960,決闘,http://www.aozora.gr.jp/cards/001155/files/45763_39851.html,2008,83659,34
247,海野 十三,Juza Unno,1936,深夜の市長,http://www.aozora.gr.jp/cards/000160/files/1219_41193.html,2007,87451,32
248,スティーブンソン ロバート・ルイス,Robert Louis Stevenson,1935,宝島,http://www.aozora.gr.jp/cards/000888/files/33206_35955.html,2003,172348,32
249,横光 利一,Riichi Yokomitsu,1946,夜の靴,http://www.aozora.gr.jp/cards/000168/files/3511_11037.html,2003,80182,33
250,太宰 治,Osamu Dazai,1990,右大臣実朝,http://www.aozora.gr.jp/cards/000035/files/2255_15060.html,2002,80795,112
251,泉 鏡花,Kyoka Izumi,1906,式部小路,http://www.aozora.gr.jp/cards/000050/files/48405_47842.html,2000,114814,35
252,海野 十三,Juza Unno,1932,空襲葬送曲,http://www.aozora.gr.jp/cards/000160/files/1240_25726.html,1999,121039,34
253,島崎 藤村,Toson Shimazaki,1955,千曲川のスケッチ,http://www.aozora.gr.jp/cards/000158/files/1503_14594.html,1999,99574,33
254,ダンテ アリギエリ,Alighieri Dante,1958,神曲,http://www.aozora.gr.jp/cards/000961/files/4820_20588.html,1999,238685,27
255,阿部 次郎,Jiro Abe,1950,三太郎の日記　第一,http://www.aozora.gr.jp/cards/001421/files/50422_44480.html,1997,71648,38
256,ラヴクラフト ハワード・フィリップス,Howard Phillips Lovecraft,,チャールズ・デクスター・ウォードの事件,http://www.aozora.gr.jp/cards/001699/files/57254_57741.html,1997,96254,49
257,有島 武郎,Takeo Arishima,1919,或る女,http://www.aozora.gr.jp/cards/000025/files/202_20066.html,1993,212160,38
258,石川 啄木,Takuboku Ishikawa,1908,鳥影,http://www.aozora.gr.jp/cards/000153/files/4695_25761.html,1992,129772,24
259,石川 啄木,Takuboku Ishikawa,1908,鳥影,http://www.aozora.gr.jp/cards/000153/files/46947_33291.html,1992,129772,24
260,中里 介山,Kaizan Nakazato,1976,大菩薩峠,http://www.aozora.gr.jp/cards/000283/files/4338_14275.html,1991,127425,47
261,永井 荷風,Kafu Nagai,1981,日和下駄,http://www.aozora.gr.jp/cards/001341/files/49658_37661.html,1989,95337,56
262,夢野 久作,Kyusaku Yumeno,1925,東京人の堕落時代,http://www.aozora.gr.jp/cards/000096/files/939_21954.html,1987,112043,33
263,岡本 かの子,Kanoko Okamoto,1937,母子叙情,http://www.aozora.gr.jp/cards/000076/files/1282_47203.html,1986,80889,41
264,正岡 容,Iruru Masaoka,1943,小説　円朝,http://www.aozora.gr.jp/cards/001313/files/47601_34115.html,1984,108063,37
265,岸田 国士,Kunio Kishida,1938,従軍五十日,http://www.aozora.gr.jp/cards/001154/files/44618_38001.html,1982,55793,40
266,海野 十三,Juza Unno,1971,海野十三敗戦日記,http://www.aozora.gr.jp/cards/000160/files/1255_6571.html,1981,60480,31
267,谷崎 潤一郎,Jun'ichiro Tanizaki,1949,少将滋幹の母,http://www.aozora.gr.jp/cards/001383/files/56847_58242.html,1979,99612,75
268,吉川 英治,Eiji Yoshikawa,1989,鳴門秘帖,http://www.aozora.gr.jp/cards/001562/files/52404_50141.html,1977,167869,33
269,稗田 阿礼,are hieda,1956,古事記,http://www.aozora.gr.jp/cards/001518/files/51731_50813.html,1974,227950,28
270,泉 鏡花,Kyoka Izumi,1941,草迷宮,http://www.aozora.gr.jp/cards/000050/files/3586_12103.html,1970,128730,37
271,相馬 愛蔵,Aizo Soma,1952,私の小売商道,http://www.aozora.gr.jp/cards/001147/files/43527_17334.html,1969,121198,56
272,林 不忘,Fubo Hayashi,1934,丹下左膳,http://www.aozora.gr.jp/cards/000290/files/1800_9299.html,1968,191821,32
273,菊池 寛,Kan Kikuchi,1995,二千六百年史抄,http://www.aozora.gr.jp/cards/000083/files/46289_49775.html,1968,59766,53
274,ロラン ロマン,Romain Rolland,1986,ジャン・クリストフ,http://www.aozora.gr.jp/cards/001093/files/42599_29606.html,1968,140224,30
275,太宰 治,Osamu Dazai,1975,惜別,http://www.aozora.gr.jp/cards/000035/files/2277_15069.html,1961,84255,45
276,宮本 百合子,Yuriko Miyamoto,1981,獄中への手紙,http://www.aozora.gr.jp/cards/000311/files/33194_18161.html,1959,86675,38
277,吉川 英治,Eiji Yoshikawa,1930,かんかん虫は唄う,http://www.aozora.gr.jp/cards/001562/files/56155_61815.html,1956,99913,32
278,村井 弦斎,Gensai Murai,1903,食道楽,http://www.aozora.gr.jp/cards/000810/files/50686_42916.html,1956,210041,50
279,泉 鏡太郎,Kyotaro Izumi,1909,神鑿,http://www.aozora.gr.jp/cards/000050/files/43467_27909.html,1955,374246,31
280,二葉亭 四迷,Shimei Futabatei,1984,平凡,http://www.aozora.gr.jp/cards/000006/files/3310_8291.html,1953,138134,40
281,谷崎 潤一郎,Jun'ichiro Tanizaki,1961,瘋癲老人日記,http://www.aozora.gr.jp/cards/001383/files/56771_60234.html,1950,81282,33
282,薄田 泣菫,Kyukin Susukida,1919,茶話,http://www.aozora.gr.jp/cards/000150/files/46618_54450.html,1949,111140,32
283,島崎 藤村,Toson Shimazaki,1955,家,http://www.aozora.gr.jp/cards/000158/files/1510_40740.html,1948,170583,28
284,相馬 黒光,Kokko Soma,1938,一商人として,http://www.aozora.gr.jp/cards/001147/files/43526_20998.html,1947,86643,62
285,シェリー メアリー・ウォルストンクラフト,Mary Wollstonecraft Shelley,1953,フランケンシュタイン,http://www.aozora.gr.jp/cards/001176/files/44904_35865.html,1946,134215,48
286,島崎 藤村,Toson Shimazaki,1955,家,http://www.aozora.gr.jp/cards/000158/files/1509_40739.html,1946,157511,30
287,桑原 隲蔵,Jitsuzo Kuwabara,1928,支那の孝道殊に法律上より観たる支那の孝道,http://www.aozora.gr.jp/cards/000372/files/44907_40354.html,1944,72488,40
288,柳 宗悦,Muneyoshi Yanagi,1981,手仕事の日本,http://www.aozora.gr.jp/cards/001520/files/51820_50713.html,1943,146859,33
289,中里 介山,Kaizan Nakazato,1976,大菩薩峠,http://www.aozora.gr.jp/cards/000283/files/4510_14291.html,1943,94826,60
290,吉川 英治,Eiji Yoshikawa,1989,宮本武蔵,http://www.aozora.gr.jp/cards/001562/files/52396_49781.html,1943,112852,29
291,林 不忘,Fubo Hayashi,1968,魔像,http://www.aozora.gr.jp/cards/000290/files/45670_32794.html,1941,164111,34
292,シェークスピア ウィリアム,William Shakespeare,1933,ロミオとヂュリエット,http://www.aozora.gr.jp/cards/000264/files/42773_39853.html,1940,329450,24
293,ロラン ロマン,Romain Rolland,1986,ジャン・クリストフ,http://www.aozora.gr.jp/cards/001093/files/42596_29603.html,1938,134722,34
294,戸坂 潤,Jun Tosaka,1937,世界の一環としての日本,http://www.aozora.gr.jp/cards/000281/files/3601_50794.html,1938,154461,54
295,小熊 秀雄,Hideo Oguma,1990,小熊秀雄全集-15,http://www.aozora.gr.jp/cards/000124/files/2417_21854.html,1936,67096,56
296,幸田 露伴,Rohan Koda,1891,五重塔,http://www.aozora.gr.jp/cards/000051/files/50351_36759.html,1936,95041,388
297,風巻 景次郎,Keijiro Kazamaki,1947,中世の文学伝統,http://www.aozora.gr.jp/cards/001479/files/50931_41896.html,1935,115783,53
298,織田 作之助,Sakunosuke Oda,1976,青春の逆説,http://www.aozora.gr.jp/cards/000040/files/732_19841.html,1934,118587,31
299,岡本 綺堂,Kido Okamoto,1992,玉藻の前,http://www.aozora.gr.jp/cards/000082/files/480_39601.html,1933,128896,34
300,薄田 泣菫,Kyukin Susukida,1934,独楽園,http://www.aozora.gr.jp/cards/000150/files/52090_44478.html,1930,61799,45
301,夏目 漱石,Soseki Natsume,1914,こころ,http://www.aozora.gr.jp/cards/000148/files/773_14560.html,1930,206077,32
302,吉川 英治,Eiji Yoshikawa,1990,私本太平記,http://www.aozora.gr.jp/cards/001562/files/52431_49711.html,1928,106033,30
303,海野 十三,Juza Unno,1937,蠅男,http://www.aozora.gr.jp/cards/000160/files/1254_18628.html,1927,107251,30
304,小穴 隆一,Ryuichi Oana,1932,二つの絵,http://www.aozora.gr.jp/cards/001908/files/58142_62062.html,1925,84200,57
305,村井 弦斎,Gensai Murai,1903,食道楽,http://www.aozora.gr.jp/cards/000810/files/52355_50975.html,1924,226913,47
306,柳 宗悦,Muneyoshi Yanagi,2005,工芸の道,http://www.aozora.gr.jp/cards/001520/files/54957_54058.html,1923,152701,28
307,下村 湖人,Kojin Shimomura,1938,論語物語,http://www.aozora.gr.jp/cards/001097/files/42923_58753.html,1921,112351,29
308,浅野 和三郎,Wasaburo Asano,1937,小桜姫物語,http://www.aozora.gr.jp/cards/001034/files/4823_48720.html,1920,606292,45
309,谷崎 潤一郎,Jun'ichiro Tanizaki,1935,聞書抄,http://www.aozora.gr.jp/cards/001383/files/56945_58757.html,1920,82183,96
310,中 勘助,Kansuke Naka,1913,銀の匙,http://www.aozora.gr.jp/cards/001799/files/56638_61335.html,1919,77259,48
311,菊池 寛,Kan Kikuchi,1994,貞操問答,http://www.aozora.gr.jp/cards/000083/files/43270_27856.html,1911,179999,30
312,高浜 虚子,Kyoshi Takahama,1908,俳諧師,http://www.aozora.gr.jp/cards/001310/files/51275_58740.html,1911,67393,33
313,若山 牧水,Bokusui Wakayama,1924,みなかみ紀行,http://www.aozora.gr.jp/cards/000162/files/56933_62144.html,1910,75702,40
314,国枝 史郎,Shiro Kunieda,1939,血曼陀羅紙帳武士,http://www.aozora.gr.jp/cards/000255/files/45211_20560.html,1910,89561,34
315,三遊亭 円朝,Encho San'yutei,1927,霧陰伊香保湯煙,http://www.aozora.gr.jp/cards/000989/files/4298_35446.html,1908,170973,56
316,横光 利一,Riichi Yokomitsu,1982,欧洲紀行,http://www.aozora.gr.jp/cards/000168/files/56934_57608.html,1908,73261,31
317,国枝 史郎,Shiro Kunieda,1930,十二神貝十郎手柄話,http://www.aozora.gr.jp/cards/000255/files/43621_18508.html,1907,68598,29
318,外村 繁,Shigeru Tonomura,1960,澪標,http://www.aozora.gr.jp/cards/001499/files/51277_51584.html,1906,58472,24
319,夏目 漱石,Soseki Natsume,1908,坑夫,http://www.aozora.gr.jp/cards/000148/files/774_14943.html,1904,182774,32
320,折口 信夫,Shinobu Orikuchi,1941,橘曙覧評伝,http://www.aozora.gr.jp/cards/000933/files/47550_51134.html,1900,73332,38
321,夏目 漱石,Soseki Natsume,1909,満韓ところどころ,http://www.aozora.gr.jp/cards/000148/files/781_14965.html,1897,103764,37
322,中里 介山,Kaizan Nakazato,1976,大菩薩峠,http://www.aozora.gr.jp/cards/000283/files/4319_14282.html,1897,104210,48
323,徳田 秋声,Shusei Tokuda,1910,足迹,http://www.aozora.gr.jp/cards/000023/files/1701_9313.html,1896,145625,34
324,江戸川 乱歩,Ranpo Edogawa,1937,悪魔の紋章,http://www.aozora.gr.jp/cards/001779/files/57240_60918.html,1893,130575,34
325,宮本 百合子,Yuriko Miyamoto,,播州平野,http://www.aozora.gr.jp/cards/000311/files/2013_6881.html,1892,78387,35
326,夢野 久作,Kyusaku Yumeno,1936,少女地獄,http://www.aozora.gr.jp/cards/000096/files/935_23282.html,1892,93368,40
327,石川 欣一,Kinichi Ishikawa,1929,可愛い山,http://www.aozora.gr.jp/cards/001380/files/49593_37655.html,1890,76169,37
328,三遊亭 円朝,Encho San'yutei,1927,業平文治漂流奇談,http://www.aozora.gr.jp/cards/000989/files/351.html,1890,116368,80
329,石川 欣一,Kinichi Ishikawa,1987,可愛い山,http://www.aozora.gr.jp/cards/001380/files/57354_58071.html,1890,76169,37
330,岡本 かの子,Kanoko Okamoto,1939,河明り,http://www.aozora.gr.jp/cards/000076/files/1284_14476.html,1890,58843,42
331,ディケンズ チャールズ,Charles Dickens,1929,クリスマス・カロル,http://www.aozora.gr.jp/cards/000914/files/4328_8144.html,1888,68218,35
332,岡本 綺堂,Kido Okamoto,1988,青蛙堂鬼談,http://www.aozora.gr.jp/cards/000082/files/1307_20001.html,1885,101782,44
333,北原 白秋,Hakushu Kitahara,1911,思ひ出,http://www.aozora.gr.jp/cards/000106/files/2415_45802.html,1884,93094,27
334,岸田 国士,Kunio Kishida,1937,北支物情,http://www.aozora.gr.jp/cards/001154/files/44465_37233.html,1884,52562,32
335,柴田 流星,Ryusei Shibata,1911,残されたる江戸,http://www.aozora.gr.jp/cards/000342/files/2391_18586.html,1881,35465,79
336,江戸川 乱歩,Ranpo Edogawa,1954,探偵小説の「謎」,http://www.aozora.gr.jp/cards/001779/files/57502_62061.html,1881,101232,50
337,田畑 修一郎,Shuichiro Tabata,1941,医師高間房一氏,http://www.aozora.gr.jp/cards/000273/files/3510_18421.html,1880,106211,39
338,有島 武郎,Takeo Arishima,1911,或る女,http://www.aozora.gr.jp/cards/000025/files/201_20052.html,1879,155305,43
339,ラヴクラフト ハワード・フィリップス,Howard Phillips Lovecraft,,狂気の山脈にて,http://www.aozora.gr.jp/cards/001699/files/57858_59672.html,1877,85568,59
340,夏目 漱石,Soseki Natsume,1910,思い出す事など,http://www.aozora.gr.jp/cards/000148/files/792_14937.html,1876,88573,43
341,戸坂 潤,Jun Tosaka,1966,思想と風俗,http://www.aozora.gr.jp/cards/000281/files/1710.html,1875,150885,57
342,戸坂 潤,Jun Tosaka,1936,現代日本の思想対立,http://www.aozora.gr.jp/cards/000281/files/3606_45590.html,1874,89659,60
343,北原 白秋,Hakushu Kitahara,1939,夢殿,http://www.aozora.gr.jp/cards/000106/files/52958_54985.html,1872,89927,29
344,夢野 久作,Kyusaku Yumeno,1924,街頭から見た新東京の裏面,http://www.aozora.gr.jp/cards/000096/files/940_21952.html,1872,79613,42
345,与謝野 晶子,Akiko Yosano,1980,晶子詩篇全集拾遺,http://www.aozora.gr.jp/cards/000885/files/2558_15785.html,1871,75304,11
346,葉山 嘉樹,Yoshiki Hayama,1933,海に生くる人々,http://www.aozora.gr.jp/cards/000031/files/863_22418.html,1871,141965,36
347,中里 介山,Kaizan Nakazato,1976,大菩薩峠,http://www.aozora.gr.jp/cards/000283/files/4511_14292.html,1871,86244,66
348,古川 緑波,Roppa Furukawa,2007,古川ロッパ昭和日記,http://www.aozora.gr.jp/cards/001558/files/52688_54755.html,1870,116232,27
349,正岡 容,Iruru Masaoka,1942,寄席,http://www.aozora.gr.jp/cards/001313/files/47599_58902.html,1865,93799,31
350,田中 英光,Hidemitsu Tanaka,1940,オリンポスの果実,http://www.aozora.gr.jp/cards/000126/files/669_43608.html,1864,119695,55
351,泉 鏡花,Kyoka Izumi,1900,三枚続,http://www.aozora.gr.jp/cards/000050/files/48400_47272.html,1861,106656,48
352,小栗 虫太郎,Mushitaro Oguri,1935,潜航艇「鷹の城」,http://www.aozora.gr.jp/cards/000125/files/43656_26294.html,1856,68448,46
353,永井 荷風,Kafu Nagai,1951,濹東綺譚,http://www.aozora.gr.jp/cards/001341/files/52016_42178.html,1855,69374,38
354,高山 樗牛,Chogyu Takayama,1894,滝口入道,http://www.aozora.gr.jp/cards/000271/files/1556_45797.html,1854,103660,61
355,三遊亭 円朝,Encho San'yutei,1927,塩原多助一代記,http://www.aozora.gr.jp/cards/000989/files/43874_42200.html,1850,204937,80
356,賀川 豊彦,Toyohiko Kagawa,1989,空中征服,http://www.aozora.gr.jp/cards/001468/files/51160_41938.html,1850,88740,29
357,下村 湖人,Kojin Shimomura,1965,現代訳論語,http://www.aozora.gr.jp/cards/001097/files/43785_58836.html,1850,155127,29
358,国枝 史郎,Shiro Kunieda,1976,神秘昆虫館,http://www.aozora.gr.jp/cards/000255/files/3042_31636.html,1850,93279,24
359,豊島 与志雄,Yoshio Toyoshima,1921,反抗,http://www.aozora.gr.jp/cards/000906/files/42411_32974.html,1845,109067,24
360,宮本 百合子,Yuriko Miyamoto,1924,古き小画,http://www.aozora.gr.jp/cards/000311/files/1952.html,1843,48633,35
361,原 勝郎,Katsuro Hara,1917,東山時代における一縉紳の生活,http://www.aozora.gr.jp/cards/001037/files/4995_17362.html,1840,53021,61
362,阿部 次郎,Jiro Abe,1950,三太郎の日記　第三,http://www.aozora.gr.jp/cards/001421/files/50423_47066.html,1839,79901,43
363,柳田 国男,Kunio Yanagita,1928,野草雑記・野鳥雑記,http://www.aozora.gr.jp/cards/001566/files/52946_50716.html,1837,88762,56
364,阿部 次郎,Jiro Abe,1950,三太郎の日記　第二,http://www.aozora.gr.jp/cards/001421/files/50424_44632.html,1833,65430,39
365,岡本 綺堂,Kido Okamoto,1927,探偵夜話,http://www.aozora.gr.jp/cards/000082/files/33197_48194.html,1832,108866,39
366,蜷川 新,Arata Ninagawa,1988,天皇,http://www.aozora.gr.jp/cards/001776/files/56239_56991.html,1829,113985,38
367,直木 三十五,Sanjugo Naoki,1989,大衆文芸作法,http://www.aozora.gr.jp/cards/000216/files/1724_13767.html,1826,50347,48
368,泉 鏡花,Kyoka Izumi,1941,星女郎,http://www.aozora.gr.jp/cards/000050/files/4743_27481.html,1824,96960,34
369,太宰 治,Osamu Dazai,1972,新釈諸国噺,http://www.aozora.gr.jp/cards/000035/files/2269_15103.html,1823,100490,52
370,宮本 百合子,Yuriko Miyamoto,1979,日記,http://www.aozora.gr.jp/cards/000311/files/46242_50611.html,1822,54551,33
371,夏目 漱石,Soseki Natsume,1908,三四郎,http://www.aozora.gr.jp/cards/000148/files/794_14946.html,1818,153522,25
372,アレニウス スヴァンテ,Svante Arrhenius,1944,宇宙の始まり,http://www.aozora.gr.jp/cards/000226/files/1150_40143.html,1817,121663,55
373,岡本 綺堂,Kido Okamoto,1971,三浦老人昔話,http://www.aozora.gr.jp/cards/000082/files/1304_18858.html,1817,91580,44
374,森 鴎外,Ogai Mori,1911,雁,http://www.aozora.gr.jp/cards/000129/files/45224_19919.html,1815,82599,39
375,寺田 寅彦,Torahiko Terada,1961,柿の種,http://www.aozora.gr.jp/cards/000042/files/1684_11274.html,1815,72887,44
376,ロラン ロマン,Romain Rolland,1986,ジャン・クリストフ,http://www.aozora.gr.jp/cards/001093/files/42597_29604.html,1811,136120,30
377,富田 倫生,Michio Tomita,1990,青空のリスタート,http://www.aozora.gr.jp/cards/000055/files/698_51256.html,1811,123250,53
378,永井 荷風,Kafu Nagai,1963,つゆのあとさき,http://www.aozora.gr.jp/cards/001341/files/52359_47397.html,1811,91402,40
379,折口 信夫,Shinobu Orikuchi,1939,死者の書,http://www.aozora.gr.jp/cards/000933/files/43802_18503.html,1810,71532,29
380,林 不忘,Fubo Hayashi,1970,巷説享保図絵,http://www.aozora.gr.jp/cards/000290/files/46228_37052.html,1810,221502,33
381,種田 山頭火,Santoka Taneda,1986,行乞記,http://www.aozora.gr.jp/cards/000146/files/45387_30583.html,1809,61458,54
382,三遊亭 円朝,Encho San'yutei,1963,怪談牡丹灯籠,http://www.aozora.gr.jp/cards/000989/files/2577_38206.html,1808,203191,76
383,長与 善郎,Yoshiro Nagayo,1923,青銅の基督,http://www.aozora.gr.jp/cards/001521/files/52216_46233.html,1807,58576,28
384,小出 楢重,Narashige Koide,1930,めでたき風景,http://www.aozora.gr.jp/cards/000259/files/3553_8140.html,1806,96140,45
385,ルナール ジュール,Jules Renard,1950,にんじん,http://www.aozora.gr.jp/cards/001156/files/50658_54033.html,1803,136094,24
386,三浦 環,Tamaki Miura,1947,お蝶夫人,http://www.aozora.gr.jp/cards/000788/files/54343_58389.html,1803,90960,59
387,戸坂 潤,Jun Tosaka,1935,日本イデオロギー論,http://www.aozora.gr.jp/cards/000281/files/3596_39403.html,1802,191621,65
388,宮本 百合子,Yuriko Miyamoto,1979,獄中への手紙,http://www.aozora.gr.jp/cards/000311/files/33186_15706.html,1801,85381,33
389,折口 信夫,Shinobu Orikuchi,1939,死者の書,http://www.aozora.gr.jp/cards/000933/files/24380_34290.html,1796,80945,30
390,佐藤 紅緑,Koroku Sato,1927,ああ玉杯に花うけて,http://www.aozora.gr.jp/cards/000575/files/3585_21718.html,1796,130537,38
391,宮本 百合子,Yuriko Miyamoto,1956,マクシム・ゴーリキイの伝記,http://www.aozora.gr.jp/cards/000311/files/2879_8511.html,1795,44101,40
392,釈 迢空,Choku Shaku,1947,死者の書,http://www.aozora.gr.jp/cards/000933/files/24379_14244.html,1795,82166,30
393,橘 外男,Sotoo Tachibana,1956,墓が呼んでいる,http://www.aozora.gr.jp/cards/001397/files/50071_37680.html,1794,97424,36
394,マルサス トマス・ロバート,Thomas Robert Malthus,1948,人口論,http://www.aozora.gr.jp/cards/001149/files/43551_17225.html,1793,135676,67
395,三遊亭 円朝,Encho San'yutei,1927,敵討札所の霊験,http://www.aozora.gr.jp/cards/000989/files/2614_18139.html,1792,189504,65
396,折口 信夫,Shinobu Orikuchi,1939,死者の書,http://www.aozora.gr.jp/cards/000933/files/4398_14220.html,1792,87722,30
397,久生 十蘭,Juran Hisao,1970,金狼,http://www.aozora.gr.jp/cards/001224/files/46148_32249.html,1791,69961,27
398,種田 山頭火,Santoka Taneda,1986,行乞記,http://www.aozora.gr.jp/cards/000146/files/44913_30581.html,1791,64679,88
399,折口 信夫,Shinobu Orikuchi,1939,死者の書,http://www.aozora.gr.jp/cards/000933/files/4388_48202.html,1789,94861,30
400,水上 滝太郎,Takitaro Minakami,1925,大阪の宿,http://www.aozora.gr.jp/cards/000800/files/51211_53589.html,1788,108408,32
401,ロラン ロマン,Romain Rolland,,ジャン・クリストフ,http://www.aozora.gr.jp/cards/001093/files/42592_29598.html,1788,122960,28
402,下村 湖人,Kojin Shimomura,1965,次郎物語,http://www.aozora.gr.jp/cards/001097/files/42692_21002.html,1787,128685,29
403,岡本 綺堂,Kido Okamoto,1920,小坂部姫,http://www.aozora.gr.jp/cards/000082/files/48035_45854.html,1787,86487,34
404,岩野 泡鳴,Homei Iwano,1911,泡鳴五部作,http://www.aozora.gr.jp/cards/000137/files/1206_58821.html,1786,86682,41
405,宮本 百合子,Yuriko Miyamoto,1920,渋谷家の始祖,http://www.aozora.gr.jp/cards/000311/files/2016_5893.html,1786,47075,47
406,谷崎 潤一郎,Jun'ichiro Tanizaki,1933,春琴抄,http://www.aozora.gr.jp/cards/001383/files/56866_58169.html,1783,74205,152
407,中里 介山,Kaizan Nakazato,1976,大菩薩峠,http://www.aozora.gr.jp/cards/000283/files/4504_7079.html,1783,96393,48
408,梅崎 春生,Haruo Umezaki,1963,狂い凧,http://www.aozora.gr.jp/cards/001798/files/56775_58206.html,1783,84906,23
409,石川 三四郎,Sanshiro Ishikawa,1948,浪,http://www.aozora.gr.jp/cards/001170/files/46172_25647.html,1783,43795,44
410,泉 鏡花,Kyoka Izumi,1942,卵塔場の天女,http://www.aozora.gr.jp/cards/000050/files/48415_42913.html,1779,72089,31
411,泉 鏡花,Kyoka Izumi,1937,雪柳,http://www.aozora.gr.jp/cards/000050/files/48414_48537.html,1779,64200,33
412,岸田 国士,Kunio Kishida,1950,光は影を,http://www.aozora.gr.jp/cards/001154/files/43859_49635.html,1778,108148,32
413,坂口 安吾,Ango Sakaguchi,1931,竹藪の家,http://www.aozora.gr.jp/cards/001095/files/45799_39317.html,1776,58494,39
414,高浜 虚子,Kyoshi Takahama,1917,漱石氏と私,http://www.aozora.gr.jp/cards/001310/files/47741_37678.html,1776,63662,33
415,岩野 泡鳴,Homei Iwano,1910,泡鳴五部作,http://www.aozora.gr.jp/cards/000137/files/51867_60142.html,1776,89841,41
416,林 不忘,Fubo Hayashi,1970,つづれ烏羽玉,http://www.aozora.gr.jp/cards/000290/files/46229_34397.html,1774,109981,30
417,喜田 貞吉,Sadakichi Kita,1920,俗法師考,http://www.aozora.gr.jp/cards/001344/files/54856_49955.html,1773,76370,53
418,高見 順,Jun Takami,1939,如何なる星の下に,http://www.aozora.gr.jp/cards/001823/files/57023_59554.html,1772,107679,40
419,夢野 久作,Kyusaku Yumeno,1935,爆弾太平記,http://www.aozora.gr.jp/cards/000096/files/2102_14036.html,1771,55425,32
420,丘 丘十郎,Kyujuro Oka,1945,地球発狂事件,http://www.aozora.gr.jp/cards/000160/files/875_42450.html,1767,73321,32
421,橘 外男,Sotoo Tachibana,1954,グリュックスブルグ王室異聞,http://www.aozora.gr.jp/cards/001397/files/51249_62850.html,1767,75262,35
422,江戸川 乱歩,Ranpo Edogawa,1926,パノラマ島綺譚,http://www.aozora.gr.jp/cards/001779/files/56651_58766.html,1761,79491,55
423,中里 介山,Kaizan Nakazato,1976,大菩薩峠,http://www.aozora.gr.jp/cards/000283/files/4505_7601.html,1758,82228,50
424,中里 介山,Kaizan Nakazato,1996,大菩薩峠,http://www.aozora.gr.jp/cards/000283/files/2934_6798.html,1758,92913,50
425,北原 白秋,Hakushu Kitahara,1913,桐の花,http://www.aozora.gr.jp/cards/000106/files/56857_54427.html,1757,74974,47
426,中里 介山,Kaizan Nakazato,1976,大菩薩峠,http://www.aozora.gr.jp/cards/000283/files/4501_6791.html,1754,93847,41
427,橘 外男,Sotoo Tachibana,1938,ナリン殿下への回想,http://www.aozora.gr.jp/cards/001397/files/51250_61981.html,1751,65396,52
428,坂口 安吾,Ango Sakaguchi,1950,街はふるさと,http://www.aozora.gr.jp/cards/001095/files/43192_21924.html,1751,139786,25
429,井上 円了,Enryo Inoue,1914,おばけの正体,http://www.aozora.gr.jp/cards/001021/files/49355_58901.html,1750,70121,60
430,森 鴎外,Ogai Mori,1909,ヰタ・セクスアリス,http://www.aozora.gr.jp/cards/000129/files/695_22806.html,1749,59691,26
431,夢野 久作,Kyusaku Yumeno,1992,鼻の表現,http://www.aozora.gr.jp/cards/000096/files/2145_16835.html,1748,64451,47
432,三遊亭 円朝,Encho San'yutei,1926,松の操美人の生埋,http://www.aozora.gr.jp/cards/000989/files/4489_42682.html,1748,144809,82
433,吉川 英治,Eiji Yoshikawa,1990,随筆　私本太平記,http://www.aozora.gr.jp/cards/001562/files/52435_49774.html,1747,54143,38
434,坂口 安吾,Ango Sakaguchi,1947,不連続殺人事件,http://www.aozora.gr.jp/cards/001095/files/42626_60035.html,1746,125983,34
435,岩野 泡鳴,Homei Iwano,1911,泡鳴五部作,http://www.aozora.gr.jp/cards/000137/files/51868_60236.html,1744,70224,41
436,ロラン ロマン,Romain Rolland,1986,ジャン・クリストフ,http://www.aozora.gr.jp/cards/001093/files/42590_29596.html,1743,95719,29
437,坂口 安吾,Ango Sakaguchi,1953,明日は天気になれ,http://www.aozora.gr.jp/cards/001095/files/45935_50960.html,1739,86718,41
438,夏目 漱石,Soseki Natsume,1906,坊っちゃん,http://www.aozora.gr.jp/cards/000148/files/752_14964.html,1739,121382,33
439,宮本 百合子,Yuriko Miyamoto,1979,日記,http://www.aozora.gr.jp/cards/000311/files/46241_51491.html,1738,87831,32
440,坂口 安吾,Ango Sakaguchi,1947,二流の人,http://www.aozora.gr.jp/cards/001095/files/42919_25723.html,1738,42270,42
441,林 不忘,Fubo Hayashi,1970,煩悩秘文書,http://www.aozora.gr.jp/cards/000290/files/1803_31624.html,1736,77231,34
442,ドイル アーサー・コナン,Arthur Conan Doyle,,緋のエチュード,http://www.aozora.gr.jp/cards/000009/files/55881_50044.html,1734,68687,29
443,夢野 久作,Kyusaku Yumeno,1991,超人鬚野博士,http://www.aozora.gr.jp/cards/000096/files/2099_22206.html,1733,61653,31
444,国枝 史郎,Shiro Kunieda,1936,仇討姉妹笠,http://www.aozora.gr.jp/cards/000255/files/43768_18607.html,1733,74139,31
445,中里 介山,Kaizan Nakazato,1976,大菩薩峠,http://www.aozora.gr.jp/cards/000283/files/4502_6794.html,1733,76556,50
446,国枝 史郎,Shiro Kunieda,1928,生死卍巴,http://www.aozora.gr.jp/cards/000255/files/43567_17529.html,1733,83233,32
447,中里 介山,Kaizan Nakazato,1976,大菩薩峠,http://www.aozora.gr.jp/cards/000283/files/4503_6797.html,1729,89745,45
448,北原 白秋,Hakushu Kitahara,1934,白南風,http://www.aozora.gr.jp/cards/000106/files/52391_55378.html,1729,106573,32
449,大杉 栄,Sakae Osugi,1964,自叙伝,http://www.aozora.gr.jp/cards/000169/files/1273.html,1727,79601,34
450,北原 白秋,Hakushu Kitahara,1934,白南風,http://www.aozora.gr.jp/cards/000106/files/56910_55379.html,1725,104601,32
451,松永 延造,Enzo Matsunaga,1968,職工と微笑,http://www.aozora.gr.jp/cards/000104/files/541_22553.html,1724,51435,27
452,織田 作之助,Sakunosuke Oda,1956,わが町,http://www.aozora.gr.jp/cards/000040/files/1326.html,1724,67228,36
453,加能 作次郎,Sakujiro Kano,1955,世の中へ,http://www.aozora.gr.jp/cards/000247/files/45646_48982.html,1723,53708,33
454,岩野 泡鳴,Homei Iwano,1955,泡鳴五部作,http://www.aozora.gr.jp/cards/000137/files/51869_60514.html,1718,80262,38
455,ロラン ロマン,Romain Rolland,1986,ジャン・クリストフ,http://www.aozora.gr.jp/cards/001093/files/42595_29602.html,1717,81633,34
456,高浜 虚子,Kyoshi Takahama,1911,子規居士と余,http://www.aozora.gr.jp/cards/001310/files/47740_37658.html,1715,48464,38
457,中里 介山,Kaizan Nakazato,1976,大菩薩峠,http://www.aozora.gr.jp/cards/000283/files/1727_6789.html,1715,86108,39
458,宮沢 賢治,Kenji Miyazawa,1986,春と修羅　第二集,http://www.aozora.gr.jp/cards/000081/files/47027_37961.html,1714,49236,12
459,中里 介山,Kaizan Nakazato,1976,大菩薩峠,http://www.aozora.gr.jp/cards/000283/files/4509_14287.html,1710,68542,62
460,三遊亭 円朝,Encho San'yutei,1927,後の業平文治,http://www.aozora.gr.jp/cards/000989/files/42687_14323.html,1709,80767,64
461,岡本 かの子,Kanoko Okamoto,1940,富士,http://www.aozora.gr.jp/cards/000076/files/440_14483.html,1708,40653,36
462,宮本 百合子,Yuriko Miyamoto,1980,日記,http://www.aozora.gr.jp/cards/000311/files/46247_58081.html,1707,67826,28
463,河上 肇,Hajime Kawakami,1947,貧乏物語,http://www.aozora.gr.jp/cards/000250/files/18353_30892.html,1706,91890,71
464,ロラン ロマン,Romain Rolland,1986,ジャン・クリストフ,http://www.aozora.gr.jp/cards/001093/files/42591_29597.html,1706,91980,30
465,海野 十三,Juza Unno,1938,浮かぶ飛行島,http://www.aozora.gr.jp/cards/000160/files/3527_18466.html,1701,94984,29
466,永井 隆,Takashi Nagai,1949,長崎の鐘,http://www.aozora.gr.jp/cards/000924/files/50659_42787.html,1700,48173,32
467,高神 覚昇,Kakusho Takagami,1952,般若心経講義,http://www.aozora.gr.jp/cards/000269/files/1543_24303.html,1699,124273,38
468,坂口 安吾,Ango Sakaguchi,1940,イノチガケ,http://www.aozora.gr.jp/cards/001095/files/45855_40580.html,1698,37034,58
469,小栗 虫太郎,Mushitaro Oguri,1976,白蟻,http://www.aozora.gr.jp/cards/000125/files/666_47253.html,1698,55900,57
470,牧野 富太郎,Tomitaro Makino,1956,牧野富太郎自叙伝,http://www.aozora.gr.jp/cards/001266/files/55789_52788.html,1697,49062,48
471,中里 介山,Kaizan Nakazato,1972,百姓弥之助の話,http://www.aozora.gr.jp/cards/000283/files/4604_17419.html,1696,44845,86
472,原口 統三,Tozo Haraguchi,1952,二十歳のエチュード,http://www.aozora.gr.jp/cards/000740/files/49078_40582.html,1694,67275,27
473,夏目 漱石,Soseki Natsume,1909,永日小品,http://www.aozora.gr.jp/cards/000148/files/758_14936.html,1693,77027,30
474,森 鴎外,Ogai Mori,2000,大塩平八郎,http://www.aozora.gr.jp/cards/000129/files/2298_16910.html,1693,83243,33
475,古川 緑波,Roppa Furukawa,2007,古川ロッパ昭和日記,http://www.aozora.gr.jp/cards/001558/files/52692_50602.html,1693,91347,26
476,太宰 治,Osamu Dazai,1973,正義と微笑,http://www.aozora.gr.jp/cards/000035/files/1577_8581.html,1690,99917,23
477,宮本 百合子,Yuriko Miyamoto,1946,私たちの建設,http://www.aozora.gr.jp/cards/000311/files/3254_10898.html,1689,38490,51
478,石原 莞爾,Kanji Ishiwara,1986,戦争史大観,http://www.aozora.gr.jp/cards/000230/files/55635_49037.html,1688,76815,50
479,榊 亮三郎,Ryozaburo Sakaki,1913,大師の時代,http://www.aozora.gr.jp/cards/001096/files/42686_30448.html,1688,36971,1261
480,海野 十三,Juza Unno,1936,地球盗難,http://www.aozora.gr.jp/cards/000160/files/1258_40525.html,1688,78555,31
481,倉田 百三,Hyakuzo Kurata,1938,青春の息の痕,http://www.aozora.gr.jp/cards/000256/files/49443_32395.html,1685,94853,36
482,種田 山頭火,Santoka Taneda,1987,其中日記,http://www.aozora.gr.jp/cards/000146/files/49148_36738.html,1685,81898,33
483,岸田 国士,Kunio Kishida,1947,日本人とは？,http://www.aozora.gr.jp/cards/001154/files/44732_39410.html,1685,71243,55
484,古川 緑波,Roppa Furukawa,2007,古川ロッパ昭和日記,http://www.aozora.gr.jp/cards/001558/files/52693_51575.html,1682,91569,26
485,吉川 英治,Eiji Yoshikawa,1938,山浦清麿,http://www.aozora.gr.jp/cards/001562/files/56053_53030.html,1682,61531,26
486,宮本 百合子,Yuriko Miyamoto,1917,日は輝けり,http://www.aozora.gr.jp/cards/000311/files/2026_34609.html,1681,58903,38
487,徳田 秋声,Shusei Tokuda,1967,爛,http://www.aozora.gr.jp/cards/000023/files/1703_10320.html,1680,81159,34
488,マルサス トマス・ロバート,Thomas Robert Malthus,1949,人口論,http://www.aozora.gr.jp/cards/001149/files/46188_39405.html,1678,186216,73
489,夢野 久作,Kyusaku Yumeno,1992,山羊髯編輯長,http://www.aozora.gr.jp/cards/000096/files/1115.html,1677,36962,34
490,富田 倫生,Michio Tomita,1997,本の未来,http://www.aozora.gr.jp/cards/000055/files/56499_51225.html,1672,109769,48
491,久生 十蘭,Juran Hisao,1954,あなたも私も,http://www.aozora.gr.jp/cards/001224/files/46146_37004.html,1670,105698,32
492,種田 山頭火,Santoka Taneda,1986,行乞記,http://www.aozora.gr.jp/cards/000146/files/45389_30584.html,1668,48289,51
493,戸坂 潤,Jun Tosaka,1936,思想としての文学,http://www.aozora.gr.jp/cards/000281/files/3600_48333.html,1667,156947,60
494,小出 楢重,Narashige Koide,1981,大切な雰囲気,http://www.aozora.gr.jp/cards/000259/files/3555_8138.html,1665,59081,38
495,浜尾 四郎,Shiro Hamao,1931,殺人鬼,http://www.aozora.gr.jp/cards/000289/files/1799_19399.html,1665,199691,32
496,中里 介山,Kaizan Nakazato,1913,大菩薩峠,http://www.aozora.gr.jp/cards/000283/files/1726_14905.html,1663,77775,46
497,古川 緑波,Roppa Furukawa,2007,古川ロッパ昭和日記,http://www.aozora.gr.jp/cards/001558/files/52690_47984.html,1663,94248,28
498,吉川 英治,Eiji Yoshikawa,1989,鳴門秘帖,http://www.aozora.gr.jp/cards/001562/files/52407_50145.html,1659,78686,32
499,森 鴎外,Ogai Mori,1971,寿阿弥の手紙,http://www.aozora.gr.jp/cards/000129/files/42352_17662.html,1659,57754,35
500,吉川 英治,Eiji Yoshikawa,1989,鳴門秘帖,http://www.aozora.gr.jp/cards/001562/files/52405_50160.html,1659,71063,39
501,三遊亭 円朝,Encho San'yutei,1927,名人長二,http://www.aozora.gr.jp/cards/000989/files/1489_4810.html,1656,100424,81
502,林 芙美子,Fumiko Hayashi,1928,放浪記（初出）,http://www.aozora.gr.jp/cards/000291/files/45649_26591.html,1656,86827,29
503,福沢 諭吉,Yukichi Fukuzawa,1872,学問のすすめ,http://www.aozora.gr.jp/cards/000296/files/47061_29420.html,1655,82618,55
504,ラヴクラフト ハワード・フィリップス,Howard Phillips Lovecraft,,時間からの影,http://www.aozora.gr.jp/cards/001699/files/57342_57668.html,1653,50392,52
505,吉川 英治,Eiji Yoshikawa,1989,鳴門秘帖,http://www.aozora.gr.jp/cards/001562/files/52408_50381.html,1650,70680,32
506,柳田 国男,Kunio Yanagita,1929,日本の伝説,http://www.aozora.gr.jp/cards/001566/files/53810_50599.html,1649,108363,50
507,太宰 治,Osamu Dazai,1936,虚構の春,http://www.aozora.gr.jp/cards/000035/files/289_19975.html,1648,48383,33
508,田山 花袋,Katai Tayama,1974,道綱の母,http://www.aozora.gr.jp/cards/000214/files/1670_9712.html,1648,76577,34
509,ルブラン モーリス,Maurice Leblanc,1921,水晶の栓,http://www.aozora.gr.jp/cards/001121/files/47067_39017.html,1647,61348,29
510,井上 円了,Enryo Inoue,1904,西航日録,http://www.aozora.gr.jp/cards/001021/files/50118_41519.html,1647,37060,34
511,岡倉 天心,Tenshin Okakura,1929,茶の本,http://www.aozora.gr.jp/cards/000238/files/1276_31472.html,1646,47703,38
512,下村 湖人,Kojin Shimomura,1987,次郎物語,http://www.aozora.gr.jp/cards/001097/files/43792_21948.html,1643,193016,38
513,有島 武郎,Takeo Arishima,1920,惜みなく愛は奪う,http://www.aozora.gr.jp/cards/000025/files/1144_11850.html,1643,77479,34
514,ゴーゴリ ニコライ,Nikolai Gogol,1937,ディカーニカ近郷夜話　後篇,http://www.aozora.gr.jp/cards/000207/files/47130_35884.html,1643,42499,32
515,谷崎 潤一郎,Jun'ichiro Tanizaki,1956,鍵,http://www.aozora.gr.jp/cards/001383/files/56846_58899.html,1641,94458,46
516,坂口 安吾,Ango Sakaguchi,1936,狼園,http://www.aozora.gr.jp/cards/001095/files/42977_21010.html,1641,43867,36
517,中里 介山,Kaizan Nakazato,1976,大菩薩峠,http://www.aozora.gr.jp/cards/000283/files/4320_14284.html,1641,68323,54
518,夢野 久作,Kyusaku Yumeno,1935,二重心臓,http://www.aozora.gr.jp/cards/000096/files/2117_49090.html,1641,62117,33
519,戸坂 潤,Jun Tosaka,1967,読書法,http://www.aozora.gr.jp/cards/000281/files/1712_25724.html,1641,95113,51
520,豊島 与志雄,Yoshio Toyoshima,1948,自由人,http://www.aozora.gr.jp/cards/000906/files/42744_39672.html,1638,50335,25
521,中里 介山,Kaizan Nakazato,1976,大菩薩峠,http://www.aozora.gr.jp/cards/000283/files/1728_6793.html,1637,82139,44
522,岩野 泡鳴,Homei Iwano,1965,神秘的半獣主義,http://www.aozora.gr.jp/cards/000137/files/733.html,1634,50252,65
523,小出 楢重,Narashige Koide,1981,楢重雑筆,http://www.aozora.gr.jp/cards/000259/files/3552_8139.html,1634,68409,61
524,火野 葦平,Ashihei Hino,1958,糞尿譚,http://www.aozora.gr.jp/cards/001488/files/51168_53838.html,1633,46686,77
525,泉 鏡花,Kyoka Izumi,1893,活人形,http://www.aozora.gr.jp/cards/000050/files/50102_52784.html,1631,70937,34
526,中里 介山,Kaizan Nakazato,1976,大菩薩峠,http://www.aozora.gr.jp/cards/000283/files/4508_14285.html,1629,55868,53
527,チェーホフ アントン,Anton Chekhov,1906,六号室,http://www.aozora.gr.jp/cards/001155/files/45667_24281.html,1629,247971,40
528,佐々木 喜善,Kizen Sasaki,1926,東奥異聞,http://www.aozora.gr.jp/cards/000263/files/53817_53604.html,1628,52303,55
529,夏目 漱石,Soseki Natsume,1915,硝子戸の中,http://www.aozora.gr.jp/cards/000148/files/760_14940.html,1627,72670,38
530,マン パウル・トーマス,Paul Thomas Mann,1952,トニオ・クレエゲル,http://www.aozora.gr.jp/cards/001758/files/55937_58904.html,1625,51687,38
531,正岡 子規,Shiki Masaoka,1895,俳諧大要,http://www.aozora.gr.jp/cards/000305/files/57350_60028.html,1623,70296,35
532,太宰 治,Osamu Dazai,1945,お伽草紙,http://www.aozora.gr.jp/cards/000035/files/52380_44331.html,1622,52643,30
533,高浜 虚子,Kyoshi Takahama,1955,俳句への道,http://www.aozora.gr.jp/cards/001310/files/55609_53062.html,1620,77481,37
534,中里 介山,Kaizan Nakazato,1971,法然行伝,http://www.aozora.gr.jp/cards/000283/files/50567_38528.html,1620,68571,40
535,竹久 夢二,Yumeji Takehisa,1976,砂がき,http://www.aozora.gr.jp/cards/000212/files/1558_8296.html,1617,33963,43
536,中里 介山,Kaizan Nakazato,1914,大菩薩峠,http://www.aozora.gr.jp/cards/000283/files/3227_15104.html,1617,64403,37
537,ゴーゴリ ニコライ,Nikolai Gogol,1937,ディカーニカ近郷夜話　後篇,http://www.aozora.gr.jp/cards/000207/files/47129_35883.html,1616,53104,35
538,田山 花袋,Katai Tayama,1978,重右衛門の最後,http://www.aozora.gr.jp/cards/000214/files/4712_16389.html,1615,62668,51
539,太宰 治,Osamu Dazai,1945,お伽草紙,http://www.aozora.gr.jp/cards/000035/files/307_14909.html,1615,51723,31
540,萩原 朔太郎,Sakutaro Hagiwara,1954,詩の原理,http://www.aozora.gr.jp/cards/000067/files/2843_26253.html,1613,138069,47
541,国枝 史郎,Shiro Kunieda,1925,大鵬のゆくえ,http://www.aozora.gr.jp/cards/000255/files/43659_17897.html,1612,49269,25
542,柳田 国男,Kunio Yanagita,1936,野草雑記・野鳥雑記,http://www.aozora.gr.jp/cards/001566/files/52945_50715.html,1610,67176,52
543,三好 十郎,Juro Miyoshi,1988,天狗外伝　斬られの仙太,http://www.aozora.gr.jp/cards/001311/files/47647_40762.html,1609,130531,25
544,三好 十郎,Juro Miyoshi,1934,斬られの仙太,http://www.aozora.gr.jp/cards/001311/files/50186_36140.html,1608,94678,25
545,織田 作之助,Sakunosuke Oda,1976,土曜夫人,http://www.aozora.gr.jp/cards/000040/files/337_19631.html,1608,83250,32
546,古川 緑波,Roppa Furukawa,2007,古川ロッパ昭和日記,http://www.aozora.gr.jp/cards/001558/files/52691_53351.html,1606,91779,25
547,三遊亭 円朝,Encho San'yutei,1927,根岸お行の松　因果塚の由来,http://www.aozora.gr.jp/cards/000989/files/349.html,1604,56230,84
548,稗田 阿礼,are hieda,1956,古事記,http://www.aozora.gr.jp/cards/001518/files/51732_44768.html,1601,119941,44
549,井上 円了,Enryo Inoue,1899,通俗講義　霊魂不滅論,http://www.aozora.gr.jp/cards/001021/files/49370_61576.html,1600,89672,51
550,ユゴー ヴィクトル,Victor Hugo,1950,死刑囚最後の日,http://www.aozora.gr.jp/cards/001094/files/42610_31517.html,1600,62727,30
551,吉川 英治,Eiji Yoshikawa,1940,剣の四君子,http://www.aozora.gr.jp/cards/001562/files/56054_54216.html,1597,55131,29
552,三好 十郎,Juro Miyoshi,1949,肌の匂い,http://www.aozora.gr.jp/cards/001311/files/49747_35250.html,1597,133215,33
553,小林 多喜二,Takiji Kobayashi,1929,不在地主,http://www.aozora.gr.jp/cards/000156/files/49181_34750.html,1596,58117,26
554,喜田 貞吉,Sadakichi Kita,1928,賤民概説,http://www.aozora.gr.jp/cards/001344/files/54855_49946.html,1595,51228,56
555,下村 湖人,Kojin Shimomura,1965,次郎物語,http://www.aozora.gr.jp/cards/001097/files/43790_21400.html,1595,89171,35
556,チェーホフ アントン,Anton Chekhov,1906,六号室,http://www.aozora.gr.jp/cards/001155/files/50220_42105.html,1594,221536,40
557,国枝 史郎,Shiro Kunieda,1925,大捕物仙人壺,http://www.aozora.gr.jp/cards/000255/files/43721_17896.html,1593,51014,23
558,戸坂 潤,Jun Tosaka,1933,現代哲学講話,http://www.aozora.gr.jp/cards/000281/files/3597_41604.html,1589,212587,57
559,海野 十三,Juza Unno,1934,恐怖の口笛,http://www.aozora.gr.jp/cards/000160/files/1251_16655.html,1587,73391,30
560,久生 十蘭,Juran Hisao,1939,墓地展望亭,http://www.aozora.gr.jp/cards/001224/files/46145_37005.html,1587,38456,30
561,岩野 泡鳴,Homei Iwano,1914,泡鳴五部作,http://www.aozora.gr.jp/cards/000137/files/51870_60037.html,1586,68869,40
562,豊島 与志雄,Yoshio Toyoshima,1923,野ざらし,http://www.aozora.gr.jp/cards/000906/files/42415_22916.html,1585,62899,30
563,谷崎 潤一郎,Jun'ichiro Tanizaki,1928,卍,http://www.aozora.gr.jp/cards/001383/files/56873_62035.html,1584,134215,71
564,下村 湖人,Kojin Shimomura,1965,次郎物語,http://www.aozora.gr.jp/cards/001097/files/43791_21660.html,1580,134082,33
565,カフカ フランツ,Franz Kafka,1971,審判,http://www.aozora.gr.jp/cards/001235/files/49863_41911.html,1579,171744,44
566,高浜 虚子,Kyoshi Takahama,1909,続俳諧師,http://www.aozora.gr.jp/cards/001310/files/51369_58828.html,1574,44256,35
567,北 一輝,Ikki Kita,1923,日本改造法案大綱,http://www.aozora.gr.jp/cards/000089/files/52931_49104.html,1574,33479,44
568,神西 清,Kiyoshi Jinzai,1951,少年,http://www.aozora.gr.jp/cards/001157/files/49844_47017.html,1574,33370,36
569,久坂 葉子,Yoko Kusaka,1978,灰色の記憶,http://www.aozora.gr.jp/cards/001052/files/4968_18643.html,1574,46270,31
570,和辻 哲郎,Tetsuro Watsuji,1962,孔子,http://www.aozora.gr.jp/cards/001395/files/49890_48110.html,1573,79604,42
571,泉 鏡花,Kyoka Izumi,1941,沼夫人,http://www.aozora.gr.jp/cards/000050/files/4742_42546.html,1573,73819,36
572,小熊 秀雄,Hideo Oguma,1990,小熊秀雄全集-07,http://www.aozora.gr.jp/cards/000124/files/662.html,1573,36252,24
573,キングスフォード アンナ,Anna Kingsford,,夢日記,http://www.aozora.gr.jp/cards/001882/files/58275_62238.html,1572,37386,34
574,古川 緑波,Roppa Furukawa,2007,古川ロッパ昭和日記,http://www.aozora.gr.jp/cards/001558/files/52689_46623.html,1567,87871,29
575,小出 楢重,Narashige Koide,1981,油絵新技法,http://www.aozora.gr.jp/cards/000259/files/3554_8137.html,1566,61174,50
576,柳田 国男,Kunio Yanagita,1945,母の手毬歌,http://www.aozora.gr.jp/cards/001566/files/53813_50717.html,1565,118582,69
577,北原 白秋,Hakushu Kitahara,1921,雀の卵,http://www.aozora.gr.jp/cards/000106/files/52390_54774.html,1563,74017,31
578,邦枝 完二,Kanji Kunieda,1955,おせん,http://www.aozora.gr.jp/cards/001261/files/46687_26607.html,1561,287646,35
579,国枝 史郎,Shiro Kunieda,1925,加利福尼亜の宝島,http://www.aozora.gr.jp/cards/000255/files/43622_18058.html,1561,51776,24
580,太宰 治,Osamu Dazai,1948,人間失格,http://www.aozora.gr.jp/cards/000035/files/301_14912.html,1561,59825,53
581,永井 隆,Takashi Nagai,1959,ロザリオの鎖,http://www.aozora.gr.jp/cards/000924/files/54870_48035.html,1559,79611,34
582,中里 介山,Kaizan Nakazato,1917,大菩薩峠,http://www.aozora.gr.jp/cards/000283/files/3333_15108.html,1557,71497,43
583,折口 信夫,Shinobu Orikuchi,1927,国文学の発生（第四稿）,http://www.aozora.gr.jp/cards/000933/files/47023_39098.html,1556,59273,42
584,太宰 治,Osamu Dazai,1945,パンドラの匣,http://www.aozora.gr.jp/cards/000035/files/1566_8578.html,1551,81306,30
585,スウィフト ジョナサン,Jonathan Swift,1995,ガリバー旅行記,http://www.aozora.gr.jp/cards/000912/files/4673_9768.html,1551,89070,37
586,宮本 百合子,Yuriko Miyamoto,1949,今日の日本の文化問題,http://www.aozora.gr.jp/cards/000311/files/3466_12372.html,1550,57395,47
587,ホーソーン ナサニエル,Nathaniel Hawthorne,1937,ワンダ・ブック――少年・少女のために――,http://www.aozora.gr.jp/cards/000905/files/18330_14267.html,1549,116552,47
588,下村 湖人,Kojin Shimomura,1955,青年の思索のために,http://www.aozora.gr.jp/cards/001097/files/49825_57788.html,1548,83487,44
589,牧野 信一,Shin'ichi Makino,1931,南風譜,http://www.aozora.gr.jp/cards/000183/files/45356_37933.html,1546,40278,37
590,田山 花袋,Katai Tayama,1952,蒲団,http://www.aozora.gr.jp/cards/000214/files/1669_8259.html,1544,56374,33
591,島崎 藤村,Toson Shimazaki,1927,山陰土産,http://www.aozora.gr.jp/cards/000158/files/4710_19618.html,1539,42466,38
592,モーゼス ウィリアム・ステイントン,William Stainton Moses,1937,霊訓,http://www.aozora.gr.jp/cards/001035/files/4826_31482.html,1538,51417,41
593,森 鴎外,Ogai Mori,1891,柵草紙の山房論文,http://www.aozora.gr.jp/cards/000129/files/2080_48306.html,1534,65531,38
594,海野 十三,Juza Unno,1939,火星兵団,http://www.aozora.gr.jp/cards/000160/files/3368_25725.html,1532,233700,28
595,宮本 百合子,Yuriko Miyamoto,1979,日記,http://www.aozora.gr.jp/cards/000311/files/46240_52750.html,1530,56392,32
596,芥川 竜之介,Ryunosuke Akutagawa,1919,路上,http://www.aozora.gr.jp/cards/000879/files/132_15264.html,1529,57973,33
597,寺田 寅彦,Torahiko Terada,1935,自由画稿,http://www.aozora.gr.jp/cards/000042/files/2504_9355.html,1527,40958,58
598,宮本 百合子,Yuriko Miyamoto,1916,貧しき人々の群,http://www.aozora.gr.jp/cards/000311/files/2025_5834.html,1520,42264,40
599,宮本 百合子,Yuriko Miyamoto,1980,獄中への手紙,http://www.aozora.gr.jp/cards/000311/files/33191_16760.html,1519,50333,41
600,下村 湖人,Kojin Shimomura,1965,次郎物語,http://www.aozora.gr.jp/cards/001097/files/43789_21004.html,1518,114254,30
601,夢野 久作,Kyusaku Yumeno,1922,白髪小僧,http://www.aozora.gr.jp/cards/000096/files/936_21787.html,1516,112567,40
602,中谷 宇吉郎,Ukichiro Nakaya,1938,雪,http://www.aozora.gr.jp/cards/001569/files/52468_49669.html,1516,71387,54
603,宮本 百合子,Yuriko Miyamoto,1979,日記,http://www.aozora.gr.jp/cards/000311/files/46236_49328.html,1516,76062,27
604,加藤 文太郎,Buntaro Kato,1970,単独行,http://www.aozora.gr.jp/cards/000245/files/1330_21437.html,1515,86612,40
605,種田 山頭火,Santoka Taneda,1987,其中日記,http://www.aozora.gr.jp/cards/000146/files/49258_36739.html,1514,61662,29
606,国枝 史郎,Shiro Kunieda,1927,前記天満焼,http://www.aozora.gr.jp/cards/000255/files/43747_18690.html,1514,45451,24
607,国枝 史郎,Shiro Kunieda,1927,南蛮秘話森右近丸,http://www.aozora.gr.jp/cards/000255/files/43722_18059.html,1509,54372,24
608,太宰 治,Osamu Dazai,1947,斜陽,http://www.aozora.gr.jp/cards/000035/files/1565_8559.html,1508,82195,37
609,芥川 竜之介,Ryunosuke Akutagawa,1927,文芸的な、余りに文芸的な,http://www.aozora.gr.jp/cards/000879/files/26_15271.html,1507,46057,33
610,泉 鏡花,Kyoka Izumi,1942,照葉狂言,http://www.aozora.gr.jp/cards/000050/files/4561_50802.html,1506,83191,27
611,宮本 百合子,Yuriko Miyamoto,1931,ズラかった信吉,http://www.aozora.gr.jp/cards/000311/files/1979_6568.html,1505,43225,27
612,蘭 郁二郎,Ikujiro Ran,1936,夢鬼,http://www.aozora.gr.jp/cards/000325/files/2187_40112.html,1505,56565,36
613,海野 十三,Juza Unno,1940,地球要塞,http://www.aozora.gr.jp/cards/000160/files/3239_15747.html,1504,66247,27
614,スティーブンソン ロバート・ルイス,Robert Louis Stevenson,1950,ジーキル博士とハイド氏の怪事件,http://www.aozora.gr.jp/cards/000888/files/33205_26197.html,1502,53771,39
615,江戸川 乱歩,Ranpo Edogawa,1934,黒蜥蜴,http://www.aozora.gr.jp/cards/001779/files/57405_60036.html,1501,81468,32
616,坂口 安吾,Ango Sakaguchi,1947,金銭無情,http://www.aozora.gr.jp/cards/001095/files/42866_35367.html,1501,57162,39
617,梅崎 春生,Haruo Umezaki,1965,幻化,http://www.aozora.gr.jp/cards/001798/files/56634_58211.html,1498,61942,19
618,林 不忘,Fubo Hayashi,1931,安重根,http://www.aozora.gr.jp/cards/000272/files/1805_12060.html,1498,56346,25
619,佐々木 邦,Kuni Sasaki,1927,苦心の学友,http://www.aozora.gr.jp/cards/001750/files/55858_55497.html,1497,175106,18
620,富ノ沢 麟太郎,Rintaro Tominosawa,1911,あめんちあ,http://www.aozora.gr.jp/cards/000282/files/1714_31451.html,1495,39402,31
621,木暮 理太郎,Ritaro Kogure,1923,利根川水源地の山々,http://www.aozora.gr.jp/cards/001373/files/55983_53802.html,1493,43571,47
622,織田 作之助,Sakunosuke Oda,1946,それでも私は行く,http://www.aozora.gr.jp/cards/000040/files/47287_42544.html,1490,74009,26
623,マン パウル・トーマス,Paul Thomas Mann,1939,ヴェニスに死す,http://www.aozora.gr.jp/cards/001758/files/55891_56986.html,1490,63713,49
624,堀 辰雄,Tatsuo Hori,1934,菜穂子,http://www.aozora.gr.jp/cards/001030/files/4805_14353.html,1487,77848,49
625,桑原 隲蔵,Jitsuzo Kuwabara,1935,支那の古代法律,http://www.aozora.gr.jp/cards/000372/files/44908_47986.html,1485,60270,48
626,大杉 栄,Sakae Osugi,1970,獄中消息,http://www.aozora.gr.jp/cards/000169/files/4962_15425.html,1484,42718,31
627,三遊亭 円朝,Encho San'yutei,1927,西洋人情話　英国孝子ジョージスミス之伝,http://www.aozora.gr.jp/cards/000989/files/1490.html,1484,55793,106
628,牧野 信一,Shin'ichi Makino,1925,鏡地獄,http://www.aozora.gr.jp/cards/000183/files/45425_39359.html,1483,39155,32
629,石川 欣一,Kinichi Ishikawa,1946,比島投降記,http://www.aozora.gr.jp/cards/001380/files/50475_60898.html,1483,50023,45
630,片岡 義男,Yoshio Kataoka,1998,波乗りの島,http://www.aozora.gr.jp/cards/001506/files/52459_41944.html,1482,114219,30
631,小林 多喜二,Takiji Kobayashi,1929,蟹工船,http://www.aozora.gr.jp/cards/000156/files/1465_16805.html,1482,63133,28
632,ロラン ロマン,Romain Rolland,1938,ベートーヴェンの生涯,http://www.aozora.gr.jp/cards/001093/files/54931_47579.html,1482,48206,42
633,坂口 安吾,Ango Sakaguchi,1949,復員殺人事件,http://www.aozora.gr.jp/cards/001095/files/43163_59485.html,1479,72459,28
634,藤野 古白,Kohaku Fujino,1895,人柱築島由来,http://www.aozora.gr.jp/cards/001885/files/58012_60267.html,1478,56015,28
635,島崎 藤村,Toson Shimazaki,1912,幼き日,http://www.aozora.gr.jp/cards/000158/files/4855_16309.html,1477,41172,40
636,片岡 義男,Yoshio Kataoka,2000,ラハイナまで来た理由,http://www.aozora.gr.jp/cards/001506/files/51367_38656.html,1477,88792,30
637,小林 多喜二,Takiji Kobayashi,1930,工場細胞,http://www.aozora.gr.jp/cards/000156/files/1466_25186.html,1476,55976,27
638,トルストイ レオ,Lev Tolstoi,1913,パアテル・セルギウス,http://www.aozora.gr.jp/cards/000361/files/2067_23124.html,1475,47295,27
639,加藤 道夫,Michio Kato,1946,なよたけ,http://www.aozora.gr.jp/cards/001240/files/46361_25175.html,1474,112227,23
640,夢野 久作,Kyusaku Yumeno,1929,押絵の奇蹟,http://www.aozora.gr.jp/cards/000096/files/930_21997.html,1473,53960,60
641,直木 三十五,Sanjugo Naoki,1933,死までを語る,http://www.aozora.gr.jp/cards/000216/files/1725_26171.html,1473,33610,40
642,永井 隆,Takashi Nagai,1948,この子を残して,http://www.aozora.gr.jp/cards/000924/files/49192_39848.html,1471,74969,33
643,ルナール ジュール,Jules Renard,1954,博物誌,http://www.aozora.gr.jp/cards/001156/files/43603_48251.html,1471,55755,29
644,坂口 安吾,Ango Sakaguchi,1949,現代忍術伝,http://www.aozora.gr.jp/cards/001095/files/43162_37048.html,1470,56683,25
645,佐藤 紅緑,Koroku Sato,1931,少年連盟,http://www.aozora.gr.jp/cards/000575/files/46488_29608.html,1469,124593,33
646,中里 介山,Kaizan Nakazato,1915,大菩薩峠,http://www.aozora.gr.jp/cards/000283/files/3228_15105.html,1469,56987,39
647,森田 草平,Sohei Morita,1929,四十八人目,http://www.aozora.gr.jp/cards/000826/files/42756_24581.html,1467,62442,37
648,宮本 百合子,Yuriko Miyamoto,1980,日記,http://www.aozora.gr.jp/cards/000311/files/46246_57502.html,1466,57870,26
649,井上 円了,Enryo Inoue,1889,欧米各国　政教日記,http://www.aozora.gr.jp/cards/001021/files/50117_48691.html,1460,72694,41
650,倉田 百三,Hyakuzo Kurata,1916,出家とその弟子,http://www.aozora.gr.jp/cards/000256/files/1412_24371.html,1457,157169,21
651,宮本 百合子,Yuriko Miyamoto,1951,お久美さんと其の周囲,http://www.aozora.gr.jp/cards/000311/files/7911_31539.html,1457,66509,42
652,芥川 竜之介,Ryunosuke Akutagawa,1918,邪宗門,http://www.aozora.gr.jp/cards/000879/files/59_14480.html,1457,57523,55
653,野村 胡堂,Kodo Nomura,1953,銭形平次捕物控,http://www.aozora.gr.jp/cards/001670/files/54696_52045.html,1456,61909,32
654,チェーホフ アントン,Anton Chekhov,1960,妻,http://www.aozora.gr.jp/cards/001155/files/51736_41575.html,1453,39209,40
655,戸坂 潤,Jun Tosaka,1936,現代唯物論講話,http://www.aozora.gr.jp/cards/000281/files/3598_47666.html,1450,196891,58
656,愛知 敬一,Keiichi Aichi,1923,ファラデーの伝,http://www.aozora.gr.jp/cards/001234/files/46340_24939.html,1450,82339,39
657,海野 十三,Juza Unno,1992,少年探偵長,http://www.aozora.gr.jp/cards/000160/files/2615_23959.html,1450,106440,30
658,種田 山頭火,Santoka Taneda,1987,其中日記,http://www.aozora.gr.jp/cards/000146/files/48509_35643.html,1449,48859,35
659,芥川 竜之介,Ryunosuke Akutagawa,1920,素戔嗚尊,http://www.aozora.gr.jp/cards/000879/files/153_15205.html,1449,64502,34
660,片岡 義男,Yoshio Kataoka,1971,エルヴィスから始まった,http://www.aozora.gr.jp/cards/001506/files/56823_53807.html,1449,134895,48
661,カフカ フランツ,Franz Kafka,1960,城,http://www.aozora.gr.jp/cards/001235/files/49862_45839.html,1449,254428,41
662,三好 十郎,Juro Miyoshi,1955,樹氷,http://www.aozora.gr.jp/cards/001311/files/49855_39253.html,1446,111096,30
663,海野 十三,Juza Unno,1947,地獄の使者,http://www.aozora.gr.jp/cards/000160/files/3052_20670.html,1445,57489,30
664,久米 正雄,Masao Kume,1948,受験生の手記,http://www.aozora.gr.jp/cards/001151/files/52934_45453.html,1445,34289,23
665,ドロステ＝ヒュルスホフ アネッテ・フォン,Annette von Droste-Hülshoff,1953,ユダヤ人のブナの木,http://www.aozora.gr.jp/cards/001900/files/58088_60660.html,1435,44637,32
666,岡本 綺堂,Kido Okamoto,1993,箕輪心中,http://www.aozora.gr.jp/cards/000082/files/477_33088.html,1431,43078,36
667,三遊亭 円朝,Encho San'yutei,1926,政談月の鏡,http://www.aozora.gr.jp/cards/000989/files/353_59109.html,1431,85547,84
668,千家 元麿,Motomaro Senge,1918,自分は見た,http://www.aozora.gr.jp/cards/000617/files/48569_33319.html,1431,45923,16
669,海野 十三,Juza Unno,1992,海底都市,http://www.aozora.gr.jp/cards/000160/files/2659_23879.html,1431,80676,28
670,横光 利一,Riichi Yokomitsu,1923,日輪,http://www.aozora.gr.jp/cards/000168/files/4252_35181.html,1427,66725,26
671,片岡 義男,Yoshio Kataoka,2005,物のかたちのバラッド,http://www.aozora.gr.jp/cards/001506/files/55152_47972.html,1427,86073,25
672,宮沢 賢治,Kenji Miyazawa,1986,『春と修羅』,http://www.aozora.gr.jp/cards/000081/files/1058_15403.html,1425,60058,14
673,中里 介山,Kaizan Nakazato,1976,大菩薩峠,http://www.aozora.gr.jp/cards/000283/files/4059_15113.html,1424,55005,48
674,バーネット フランシス・ホジソン・エリザ,Frances Eliza Hodgson Burnett,1927,小公女,http://www.aozora.gr.jp/cards/001045/files/4881_18578.html,1423,99461,29
675,マルサス トマス・ロバート,Thomas Robert Malthus,1949,人口論,http://www.aozora.gr.jp/cards/001149/files/45455_33437.html,1421,156934,69
676,種田 山頭火,Santoka Taneda,1987,其中日記,http://www.aozora.gr.jp/cards/000146/files/49266_37001.html,1421,49743,27
677,三好 十郎,Juro Miyoshi,1950,恐怖の季節,http://www.aozora.gr.jp/cards/001311/files/48363_34007.html,1420,95353,42
678,宮本 百合子,Yuriko Miyamoto,1931,五ヵ年計画とソヴェトの芸術,http://www.aozora.gr.jp/cards/000311/files/2748_7365.html,1419,42918,42
679,夏目 漱石,Soseki Natsume,1971,創作家の態度,http://www.aozora.gr.jp/cards/000148/files/1102_14956.html,1416,61799,48
680,有島 武郎,Takeo Arishima,1918,生まれいずる悩み,http://www.aozora.gr.jp/cards/000025/files/1111_20600.html,1414,50859,43
681,宮本 百合子,Yuriko Miyamoto,1979,獄中への手紙,http://www.aozora.gr.jp/cards/000311/files/33185_15705.html,1413,37739,32
682,海野 十三,Juza Unno,1937,棺桶の花嫁,http://www.aozora.gr.jp/cards/000160/files/3532_37462.html,1412,40277,30
683,レスコーフ ニコライ・セミョーノヴィチ,Nikolai Semyonovich  Leskov,1951,ムツェンスク郡のマクベス夫人,http://www.aozora.gr.jp/cards/001295/files/47207_35646.html,1410,45047,45
684,中井 正一,Masakazu Nakai,1951,美学入門,http://www.aozora.gr.jp/cards/001166/files/43877_56097.html,1410,62685,58
685,野村 胡堂,Kodo Nomura,1953,銭形平次捕物控,http://www.aozora.gr.jp/cards/001670/files/54689_60485.html,1409,56855,34
686,太宰 治,Osamu Dazai,1974,新ハムレット,http://www.aozora.gr.jp/cards/000035/files/1576_8585.html,1406,81977,27
687,山崎 富栄,Tomie Yamazaki,1977,雨の玉川心中,http://www.aozora.gr.jp/cards/001777/files/56258_61595.html,1406,60387,28
688,九鬼 周造,Shuzo Kuki,1930,「いき」の構造,http://www.aozora.gr.jp/cards/000065/files/393_1765.html,1403,53477,45
689,ツルゲーネフ イワン,Ivan Turgenev,1952,はつ恋,http://www.aozora.gr.jp/cards/000005/files/53194_45356.html,1403,95594,35
690,海野 十三,Juza Unno,1945,火星探険,http://www.aozora.gr.jp/cards/000160/files/3049_17914.html,1400,61713,29
691,大杉 栄,Sakae Osugi,1965,日本脱出記,http://www.aozora.gr.jp/cards/000169/files/2582_20705.html,1400,57424,39
692,中里 介山,Kaizan Nakazato,1918,大菩薩峠,http://www.aozora.gr.jp/cards/000283/files/4058_15112.html,1399,62853,45
693,浜田 青陵,Seiryo Hamada,1928,博物館,http://www.aozora.gr.jp/cards/001054/files/18371_35081.html,1397,312598,70
694,久保田 万太郎,Mantaro Kubota,1928,春泥,http://www.aozora.gr.jp/cards/001692/files/55044_51975.html,1396,69220,26
695,岡本 綺堂,Kido Okamoto,1993,籠釣瓶,http://www.aozora.gr.jp/cards/000082/files/476_33084.html,1396,57413,34
696,徳田 秋声,Shusei Tokuda,1967,新世帯,http://www.aozora.gr.jp/cards/000023/files/1700_43436.html,1395,54151,28
697,宮本 百合子,Yuriko Miyamoto,1980,日記,http://www.aozora.gr.jp/cards/000311/files/46245_55995.html,1395,41085,25
698,喜田 貞吉,Sadakichi Kita,1919,特殊部落の成立沿革を略叙してその解放に及ぶ,http://www.aozora.gr.jp/cards/001344/files/54427_49944.html,1392,46402,55
699,中里 介山,Kaizan Nakazato,1918,大菩薩峠,http://www.aozora.gr.jp/cards/000283/files/3334_15109.html,1392,56683,39
700,井上 円了,Enryo Inoue,1904,迷信解,http://www.aozora.gr.jp/cards/001021/files/49373_39852.html,1390,43470,51
701,久生 十蘭,Juran Hisao,1957,肌色の月,http://www.aozora.gr.jp/cards/001224/files/46147_32597.html,1389,39205,33
702,岡本 綺堂,Kido Okamoto,1993,両国の秋,http://www.aozora.gr.jp/cards/000082/files/478_33090.html,1386,55101,35
703,三好 十郎,Juro Miyoshi,1940,浮標,http://www.aozora.gr.jp/cards/001311/files/49776_36893.html,1386,68950,24
704,中里 介山,Kaizan Nakazato,1918,大菩薩峠,http://www.aozora.gr.jp/cards/000283/files/4057_15111.html,1383,54037,44
705,岸田 国士,Kunio Kishida,1944,火の扉,http://www.aozora.gr.jp/cards/001154/files/43848_49634.html,1383,104547,32
706,夏目 漱石,Soseki Natsume,1971,文芸の哲学的基礎,http://www.aozora.gr.jp/cards/000148/files/755_14963.html,1381,47287,46
707,江戸川 乱歩,Ranpo Edogawa,1926,湖畔亭事件,http://www.aozora.gr.jp/cards/001779/files/58039_61573.html,1380,64408,42
708,夢野 久作,Kyusaku Yumeno,1933,一足お先に,http://www.aozora.gr.jp/cards/000096/files/2111_22259.html,1380,42150,39
709,片岡 義男,Yoshio Kataoka,2001,道順は彼女に訊く,http://www.aozora.gr.jp/cards/001506/files/56796_53241.html,1375,139230,28
710,種田 山頭火,Santoka Taneda,1986,其中日記,http://www.aozora.gr.jp/cards/000146/files/47356_34230.html,1375,34521,50
711,知里 幸恵,Yukie Chiri,1996,手紙,http://www.aozora.gr.jp/cards/000276/files/46482_28582.html,1374,35849,37
712,ドストエフスキー フィヨードル・ミハイロヴィチ,Fedor Mikhailovich Dostoevskii,1912,鱷,http://www.aozora.gr.jp/cards/000363/files/2069_21320.html,1371,41131,27
713,野村 胡堂,Kodo Nomura,1953,銭形平次捕物控,http://www.aozora.gr.jp/cards/001670/files/54638_53804.html,1370,59034,37
714,室生 犀星,Saisei Murou,1959,蜜のあわれ,http://www.aozora.gr.jp/cards/001579/files/53503_62102.html,1370,62479,43
715,高浜 虚子,Kyoshi Takahama,1927,俳句とはどんなものか,http://www.aozora.gr.jp/cards/001310/files/55509_53180.html,1369,49428,56
716,岡本 綺堂,Kido Okamoto,1986,半七捕物帳,http://www.aozora.gr.jp/cards/000082/files/964_15046.html,1366,67515,36
717,黒岩 涙香,Ruiko Kuroiwa,1892,血の文字,http://www.aozora.gr.jp/cards/000179/files/1416_23044.html,1365,73876,706
718,佐左木 俊郎,Toshiro Sasaki,1995,恐怖城,http://www.aozora.gr.jp/cards/000134/files/719_20908.html,1364,71337,27
719,海野 十三,Juza Unno,1938,怪塔王,http://www.aozora.gr.jp/cards/000160/files/3370_25722.html,1361,134129,31
720,片岡 義男,Yoshio Kataoka,1996,東京青年,http://www.aozora.gr.jp/cards/001506/files/56822_57118.html,1360,111786,26
721,田中 貢太郎,Kotaro Tanaka,1934,春心,http://www.aozora.gr.jp/cards/000154/files/52276_47750.html,1356,78064,22
722,リカード デイヴィッド,David Ricardo,1948,経済学及び課税の諸原理,http://www.aozora.gr.jp/cards/001164/files/43670_18988.html,1353,256088,71
723,片岡 義男,Yoshio Kataoka,2002,七月の水玉,http://www.aozora.gr.jp/cards/001506/files/54825_46747.html,1350,82106,27
724,豊島 与志雄,Yoshio Toyoshima,1950,女心の強ければ,http://www.aozora.gr.jp/cards/000906/files/42663_25531.html,1347,34080,26
725,柳田 国男,Kunio Yanagita,1941,こども風土記,http://www.aozora.gr.jp/cards/001566/files/53809_49722.html,1345,59466,56
726,宮本 百合子,Yuriko Miyamoto,1954,農村,http://www.aozora.gr.jp/cards/000311/files/7910_32365.html,1344,42524,44
727,陸 羯南,Katsunan Kuga,1891,近時政論考,http://www.aozora.gr.jp/cards/000253/files/1401_24296.html,1343,38122,67
728,海野 十三,Juza Unno,1934,三人の双生児,http://www.aozora.gr.jp/cards/000160/files/1252_15749.html,1338,38687,35
729,石原 莞爾,Kanji Ishiwara,1986,最終戦争論,http://www.aozora.gr.jp/cards/000230/files/1154_23278.html,1338,40211,47
730,萩原 朔太郎,Sakutaro Hagiwara,1923,青猫,http://www.aozora.gr.jp/cards/000067/files/1768_18738.html,1334,37119,31
731,近松 秋江,Shuko Chikamatsu,1997,別れたる妻に送る手紙,http://www.aozora.gr.jp/cards/000275/files/4713_16330.html,1333,59124,31
732,三木 清,Kiyoshi Miki,1977,語られざる哲学,http://www.aozora.gr.jp/cards/000218/files/1072_22575.html,1333,42527,54
733,戸坂 潤,Jun Tosaka,1935,科学論,http://www.aozora.gr.jp/cards/000281/files/3590_31720.html,1326,112660,58
734,三遊亭 円朝,Encho San'yutei,1927,松と藤芸妓の替紋,http://www.aozora.gr.jp/cards/000989/files/4054_19939.html,1321,67566,60
735,高浜 虚子,Kyoshi Takahama,1913,俳句の作りよう,http://www.aozora.gr.jp/cards/001310/files/55510_51028.html,1319,42931,56
736,中里 介山,Kaizan Nakazato,1976,大菩薩峠,http://www.aozora.gr.jp/cards/000283/files/4060_14565.html,1317,47664,39
737,宮本 百合子,Yuriko Miyamoto,1979,日記,http://www.aozora.gr.jp/cards/000311/files/46243_53207.html,1317,40534,28
738,平田 晋策,Shinsaku Hirata,1934,昭和遊撃隊,http://www.aozora.gr.jp/cards/000748/files/46576_40144.html,1314,102215,25
739,片岡 義男,Yoshio Kataoka,1977,彼のオートバイ、彼女の島,http://www.aozora.gr.jp/cards/001506/files/56911_61973.html,1311,111342,24
740,中里 介山,Kaizan Nakazato,1918,大菩薩峠,http://www.aozora.gr.jp/cards/000283/files/3335_15110.html,1307,47881,37
741,井上 円了,Enryo Inoue,1891,妖怪学,http://www.aozora.gr.jp/cards/001021/files/49269_50168.html,1307,48538,46
742,室生 犀星,Saisei Murou,1952,或る少女の死まで,http://www.aozora.gr.jp/cards/001579/files/53011_49718.html,1307,33843,26
743,国枝 史郎,Shiro Kunieda,1910,レモンの花の咲く丘へ,http://www.aozora.gr.jp/cards/000255/files/48087_33647.html,1302,62668,27
744,岸田 国士,Kunio Kishida,1948,速水女塾,http://www.aozora.gr.jp/cards/001154/files/46993_44413.html,1299,59333,24
745,堀 辰雄,Tatsuo Hori,1988,大和路・信濃路,http://www.aozora.gr.jp/cards/001030/files/4806_14952.html,1299,53315,50
746,鈴木 三重吉,Miekichi Suzuki,1913,桑の実,http://www.aozora.gr.jp/cards/000107/files/47173_61604.html,1297,86042,34
747,牧野 富太郎,Tomitaro Makino,1949,植物知識,http://www.aozora.gr.jp/cards/001266/files/46821_29301.html,1296,81809,46
748,梅崎 春生,Haruo Umezaki,1947,日の果て,http://www.aozora.gr.jp/cards/001798/files/56636_58243.html,1295,37962,28
749,岩野 泡鳴,Homei Iwano,1970,耽溺,http://www.aozora.gr.jp/cards/000137/files/1207_21584.html,1293,49109,40
750,小林 多喜二,Takiji Kobayashi,1974,党生活者,http://www.aozora.gr.jp/cards/000156/files/833_28260.html,1290,59236,37
751,小林 多喜二,Takiji Kobayashi,1928,一九二八年三月十五日,http://www.aozora.gr.jp/cards/000156/files/49394_33663.html,1290,36416,28
752,ヘミングウェイ アーネスト・ミラー,Ernest Miller Hemingway,,老人と海,http://www.aozora.gr.jp/cards/001847/files/57347_57224.html,1284,45085,23
753,織田 作之助,Sakunosuke Oda,1946,夜の構図,http://www.aozora.gr.jp/cards/000040/files/47289_51221.html,1283,48157,26
754,豊島 与志雄,Yoshio Toyoshima,1920,二つの途,http://www.aozora.gr.jp/cards/000906/files/42405_32976.html,1283,39525,21
755,甲賀 三郎,Saburo Koga,1984,黄鳥の嘆き,http://www.aozora.gr.jp/cards/000260/files/1432_20141.html,1279,35975,38
756,紫式部,Murasaki Shikibu,1971,源氏物語,http://www.aozora.gr.jp/cards/000052/files/5049_14830.html,1278,57966,53
757,海野 十三,Juza Unno,1936,空襲警報,http://www.aozora.gr.jp/cards/000160/files/3530_19259.html,1276,41358,28
758,寺田 寅彦,Torahiko Terada,1931,連句雑俎,http://www.aozora.gr.jp/cards/000042/files/2461_11119.html,1272,35311,65
759,小熊 秀雄,Hideo Oguma,1990,小熊秀雄全集-14,http://www.aozora.gr.jp/cards/000124/files/655_49430.html,1271,54189,48
760,海野 十三,Juza Unno,1940,爆薬の花籠,http://www.aozora.gr.jp/cards/000160/files/3233_23563.html,1267,86467,30
761,織田 作之助,Sakunosuke Oda,1947,夜光虫,http://www.aozora.gr.jp/cards/000040/files/47288_30091.html,1266,51421,26
762,小林 多喜二,Takiji Kobayashi,1953,防雪林,http://www.aozora.gr.jp/cards/000156/files/18368_23834.html,1263,52568,27
763,カーペンター ケニス・Ｊ,Kenneth J. Carpenter,,栄養学小史,http://www.aozora.gr.jp/cards/001841/files/57318_58139.html,1263,56479,50
764,海野 十三,Juza Unno,1991,宇宙戦隊,http://www.aozora.gr.jp/cards/000160/files/3367_13498.html,1262,61460,29
765,宮本 百合子,Yuriko Miyamoto,1980,日記,http://www.aozora.gr.jp/cards/000311/files/46248_58922.html,1262,55228,25
766,佐々木 味津三,Mitsuzo Sasaki,1982,旗本退屈男,http://www.aozora.gr.jp/cards/000111/files/1478_53925.html,1258,38862,29
767,波多野 精一,Seiichi Hatano,1943,時と永遠,http://www.aozora.gr.jp/cards/001011/files/42752_24929.html,1258,95621,51
768,戸坂 潤,Jun Tosaka,1932,イデオロギー概論,http://www.aozora.gr.jp/cards/000281/files/3595_39048.html,1257,135730,57
769,紫式部,Murasaki Shikibu,1971,源氏物語,http://www.aozora.gr.jp/cards/000052/files/5050_14552.html,1255,56228,55
770,西田 幾多郎,Kitaro Nishida,1937,善の研究,http://www.aozora.gr.jp/cards/000182/files/946.html,1252,90780,52
771,三上 義夫,Yoshio Mikami,1922,文化史上より見たる日本の数学,http://www.aozora.gr.jp/cards/001017/files/47341_41295.html,1251,40069,54
772,海野 十三,Juza Unno,1939,太平洋魔城,http://www.aozora.gr.jp/cards/000160/files/3374_23566.html,1251,70693,29
773,坂口 安吾,Ango Sakaguchi,1948,ジロリの女,http://www.aozora.gr.jp/cards/001095/files/42827_26666.html,1251,36952,36
774,片岡 義男,Yoshio Kataoka,1992,夏と少年の短篇,http://www.aozora.gr.jp/cards/001506/files/56182_50816.html,1248,65667,26
775,コロレンコ ウラジミール・ガラクティオノヴィチ,Vladimir Galaktionovick Korolenko,1912,樺太脱獄記,http://www.aozora.gr.jp/cards/000362/files/2068_16713.html,1246,35410,26
776,岸田 国士,Kunio Kishida,1951,あるニュウ・フェイスへの手紙,http://www.aozora.gr.jp/cards/001154/files/44833_47596.html,1245,35350,63
777,海野 十三,Juza Unno,1992,怪星ガン,http://www.aozora.gr.jp/cards/000160/files/2638_23933.html,1243,91443,30
778,寺島 柾史,Masashi Terashima,1937,怪奇人造島,http://www.aozora.gr.jp/cards/001084/files/42294_23835.html,1239,46255,28
779,戸坂 潤,Jun Tosaka,1931,辞典,http://www.aozora.gr.jp/cards/000281/files/3602_38773.html,1233,67282,57
780,三好 十郎,Juro Miyoshi,1989,炎の人――ゴッホ小伝――,http://www.aozora.gr.jp/cards/001311/files/47646_34743.html,1229,85584,26
781,海野 十三,Juza Unno,1948,恐竜島,http://www.aozora.gr.jp/cards/000160/files/2718_23979.html,1221,87423,26
782,チェーホフ アントン,Anton Chekhov,1967,かもめ,http://www.aozora.gr.jp/cards/001155/files/51860_41507.html,1217,63937,25
783,戸坂 潤,Jun Tosaka,1933,技術の哲学,http://www.aozora.gr.jp/cards/000281/files/3591_44720.html,1215,63835,68
784,海野 十三,Juza Unno,,火薬船,http://www.aozora.gr.jp/cards/000160/files/3369_15092.html,1214,55513,29
785,海野 十三,Juza Unno,1946,四次元漂流,http://www.aozora.gr.jp/cards/000160/files/3358_17545.html,1212,54150,30
786,紫式部,Murasaki Shikibu,1972,源氏物語,http://www.aozora.gr.jp/cards/000052/files/5066_16261.html,1207,52533,65
787,三好 十郎,Juro Miyoshi,1947,廃墟（一幕）,http://www.aozora.gr.jp/cards/001311/files/49718_34062.html,1205,49584,27
788,三好 十郎,Juro Miyoshi,1952,冒した者,http://www.aozora.gr.jp/cards/001311/files/49763_34950.html,1201,57712,25
789,芥川 竜之介,Ryunosuke Akutagawa,1917,偸盗,http://www.aozora.gr.jp/cards/000879/files/31_15217.html,1199,57127,36
790,近松 秋江,Shuko Chikamatsu,1970,うつり香,http://www.aozora.gr.jp/cards/000275/files/1675_21586.html,1189,51284,34
791,三木 清,Kiyoshi Miki,1938,人生論ノート,http://www.aozora.gr.jp/cards/000218/files/46845_29569.html,1187,51710,35
792,神西 清,Kiyoshi Jinzai,1949,死児変相,http://www.aozora.gr.jp/cards/001157/files/47224_29363.html,1186,36446,44
793,岸田 国士,Kunio Kishida,1950,道遠からん　四幕,http://www.aozora.gr.jp/cards/001154/files/46994_45066.html,1184,53769,23
794,岸田 国士,Kunio Kishida,1924,演劇一般講話,http://www.aozora.gr.jp/cards/001154/files/44318_36646.html,1181,34941,53
795,片岡 義男,Yoshio Kataoka,,頬よせてホノルル,http://www.aozora.gr.jp/cards/001506/files/51737_39266.html,1177,62850,31
796,堀 辰雄,Tatsuo Hori,1936,風立ちぬ,http://www.aozora.gr.jp/cards/001030/files/4803_14204.html,1176,49860,45
797,森本 薫,Kaoru Morimoto,1946,女の一生,http://www.aozora.gr.jp/cards/000827/files/4332_21415.html,1176,61195,25
798,浜尾 四郎,Shiro Hamao,1929,彼が殺したか,http://www.aozora.gr.jp/cards/000289/files/51271_47964.html,1169,36365,40
799,海野 十三,Juza Unno,1948,超人間Ｘ号,http://www.aozora.gr.jp/cards/000160/files/2719_45576.html,1167,84150,31
800,ルブラン モーリス,Maurice Leblanc,1928,奇巌城,http://www.aozora.gr.jp/cards/001121/files/46187_23055.html,1166,53629,26
801,堀 辰雄,Tatsuo Hori,1933,美しい村,http://www.aozora.gr.jp/cards/001030/files/4812_14384.html,1164,54919,58
802,近松 秋江,Shuko Chikamatsu,1970,狂乱,http://www.aozora.gr.jp/cards/000275/files/1677_21588.html,1161,40848,56
803,チェーホフ アントン,Anton Chekhov,1967,ワーニャ伯父さん,http://www.aozora.gr.jp/cards/001155/files/51862_41345.html,1160,59502,27
804,近松 秋江,Shuko Chikamatsu,1970,霜凍る宵,http://www.aozora.gr.jp/cards/000275/files/1678_21605.html,1155,45264,51
805,戸坂 潤,Jun Tosaka,1966,道徳の観念,http://www.aozora.gr.jp/cards/000281/files/1711.html,1154,50906,59
806,チェーホフ アントン,Anton Chekhov,1967,桜の園,http://www.aozora.gr.jp/cards/001155/files/43598_38389.html,1152,64440,25
807,島崎 藤村,Toson Shimazaki,1920,ふるさと,http://www.aozora.gr.jp/cards/000158/files/4709_14364.html,1148,211942,35
808,片岡 義男,Yoshio Kataoka,1987,時差のないふたつの島,http://www.aozora.gr.jp/cards/001506/files/52175_40685.html,1148,55136,32
809,ポー エドガー・アラン,Edgar Allan Poe,1951,マリー・ロジェエの怪事件,http://www.aozora.gr.jp/cards/000094/files/4261_54221.html,1143,42131,51
810,三木 清,Kiyoshi Miki,1927,唯物史観と現代の意識,http://www.aozora.gr.jp/cards/000218/files/5007_47698.html,1143,72544,56
811,紫式部,Murasaki Shikibu,1972,源氏物語,http://www.aozora.gr.jp/cards/000052/files/5064_15564.html,1141,53575,66
812,倉田 百三,Hyakuzo Kurata,1919,俊寛,http://www.aozora.gr.jp/cards/000256/files/43686_24405.html,1141,70958,23
813,片岡 義男,Yoshio Kataoka,1993,少女時代,http://www.aozora.gr.jp/cards/001506/files/55718_49156.html,1133,64283,25
814,イプセン ヘンリック,Henrik Ibsen,1952,人形の家,http://www.aozora.gr.jp/cards/001028/files/4797_31829.html,1131,80714,27
815,戸坂 潤,Jun Tosaka,1928,イデオロギーの論理学,http://www.aozora.gr.jp/cards/000281/files/3594_38772.html,1125,95482,50
816,海野 十三,Juza Unno,1947,金属人間,http://www.aozora.gr.jp/cards/000160/files/2717_23978.html,1118,74123,31
817,海野 十三,Juza Unno,1951,霊魂第十号の秘密,http://www.aozora.gr.jp/cards/000160/files/2687_23970.html,1117,42268,30
818,海野 十三,Juza Unno,1937,海底大陸,http://www.aozora.gr.jp/cards/000160/files/1256_50040.html,1116,78792,30
819,鈴木 三重吉,Miekichi Suzuki,1955,古事記物語,http://www.aozora.gr.jp/cards/000107/files/1530_54106.html,1115,143392,49
820,三好 十郎,Juro Miyoshi,1950,殺意（ストリップショウ）,http://www.aozora.gr.jp/cards/001311/files/47945_33998.html,1111,82082,19
821,三好 十郎,Juro Miyoshi,1968,好日,http://www.aozora.gr.jp/cards/001311/files/49774_35338.html,1109,38958,24
822,内藤 湖南,Konan Naito,1970,支那目録学,http://www.aozora.gr.jp/cards/000284/files/2938_23816.html,1108,42823,49
823,宮本 百合子,Yuriko Miyamoto,1981,千世子,http://www.aozora.gr.jp/cards/000311/files/15945_31496.html,1101,67993,42
824,海野 十三,Juza Unno,1948,三十年後の世界,http://www.aozora.gr.jp/cards/000160/files/2617_23917.html,1100,58319,27
825,坂口 安吾,Ango Sakaguchi,1954,左近の怒り,http://www.aozora.gr.jp/cards/001095/files/42972_58925.html,1093,35403,26
826,三好 十郎,Juro Miyoshi,1948,その人を知らず,http://www.aozora.gr.jp/cards/001311/files/49746_34885.html,1091,63075,30
827,折口 信夫,Shinobu Orikuchi,1930,大嘗祭の本義,http://www.aozora.gr.jp/cards/000933/files/18411_27474.html,1089,38853,33
828,江戸川 乱歩,Ranpo Edogawa,1936,怪人二十面相,http://www.aozora.gr.jp/cards/001779/files/57228_58735.html,1082,87508,33
829,オルコット ルイーザ・メイ,Louisa May Alcott,1948,若草物語,http://www.aozora.gr.jp/cards/001090/files/42307_24580.html,1081,93324,33
830,紫式部,Murasaki Shikibu,1972,源氏物語,http://www.aozora.gr.jp/cards/000052/files/5068_17944.html,1080,42196,50
831,チャペック カレル,Karel Capek,,ＲＵＲ,http://www.aozora.gr.jp/cards/001236/files/46345_23174.html,1080,75935,21
832,須川 邦彦,Kunihiko Sugawa,1948,無人島に生きる十六人,http://www.aozora.gr.jp/cards/001120/files/42767_15618.html,1061,84098,33
833,ワルラス マリー・エスプリ・レオン,Marie Esprit Leon Walras,1953,純粋経済学要論,http://www.aozora.gr.jp/cards/001185/files/45210_24671.html,1057,196353,49
834,野口 雨情,Ujo Noguchi,1919,未刊童謡,http://www.aozora.gr.jp/cards/000286/files/49178_58850.html,1055,96373,18
835,谷崎 潤一郎,Jun'ichiro Tanizaki,1931,盲目物語,http://www.aozora.gr.jp/cards/001383/files/56868_58745.html,1054,58801,117
836,倉田 百三,Hyakuzo Kurata,1963,生活と一枚の宗教,http://www.aozora.gr.jp/cards/000256/files/43463_50167.html,1052,53416,43
837,戸坂 潤,Jun Tosaka,1937,認識論とは何か,http://www.aozora.gr.jp/cards/000281/files/3599_45591.html,1051,43262,45
838,紫式部,Murasaki Shikibu,1972,源氏物語,http://www.aozora.gr.jp/cards/000052/files/5070_16484.html,1047,40418,45
839,岸田 国士,Kunio Kishida,1940,俳優倫理,http://www.aozora.gr.jp/cards/001154/files/44651_38394.html,1045,35933,47
840,折口 信夫,Shinobu Orikuchi,1937,国語と民俗学,http://www.aozora.gr.jp/cards/000933/files/47184_35794.html,1042,35806,43
841,海野 十三,Juza Unno,1990,未来の地下戦車長,http://www.aozora.gr.jp/cards/000160/files/3234_24627.html,1036,40127,28
842,戸坂 潤,Jun Tosaka,1929,科学方法論,http://www.aozora.gr.jp/cards/000281/files/1713_43588.html,1036,115806,50
843,マロ エクトール・アンリ,Hector Henri Malot,1978,家なき子,http://www.aozora.gr.jp/cards/001047/files/42925_15541.html,1026,170011,31
844,マロ エクトール・アンリ,Hector Henri Malot,1978,家なき子,http://www.aozora.gr.jp/cards/001047/files/42924_15540.html,1019,167735,31
845,宮沢 賢治,Kenji Miyazawa,1971,ポラーノの広場,http://www.aozora.gr.jp/cards/000081/files/1935_19925.html,1018,35738,27
846,橋本 進吉,Shinkichi Hashimoto,1950,古代国語の音韻に就いて,http://www.aozora.gr.jp/cards/000061/files/510_46839.html,1017,49744,62
847,海野 十三,Juza Unno,1941,大宇宙遠征隊,http://www.aozora.gr.jp/cards/000160/files/3375_15091.html,1014,45498,30
848,三好 十郎,Juro Miyoshi,1937,地熱,http://www.aozora.gr.jp/cards/001311/files/49828_38768.html,1013,33523,22
849,紫式部,Murasaki Shikibu,1972,源氏物語,http://www.aozora.gr.jp/cards/000052/files/5067_16265.html,1010,38904,55
850,野村 胡堂,Kodo Nomura,1955,幻術天魔太郎,http://www.aozora.gr.jp/cards/001670/files/56097_56992.html,1005,39151,48
851,岸田 国士,Kunio Kishida,1949,対話,http://www.aozora.gr.jp/cards/001154/files/44810_40534.html,991,35391,49
852,海野 十三,Juza Unno,1940,地底戦車の怪人,http://www.aozora.gr.jp/cards/000160/files/3377_21542.html,977,46417,26
853,海野 十三,Juza Unno,1947,ふしぎ国探検,http://www.aozora.gr.jp/cards/000160/files/2716_6484.html,972,51968,24
854,江戸川 乱歩,Ranpo Edogawa,1938,妖怪博士,http://www.aozora.gr.jp/cards/001779/files/56670_59551.html,972,97017,36
855,デカルト ルネ,Rene Descartes,1948,省察,http://www.aozora.gr.jp/cards/001029/files/4730_58083.html,970,58389,85
856,江戸川 乱歩,Ranpo Edogawa,1937,少年探偵団,http://www.aozora.gr.jp/cards/001779/files/56669_58756.html,958,77458,36
857,カフカ フランツ,Franz Kafka,1960,変身,http://www.aozora.gr.jp/cards/001235/files/49866_41897.html,954,39811,45
858,デカルト ルネ,Rene Descartes,1948,省察,http://www.aozora.gr.jp/cards/001029/files/43291_21543.html,950,59204,86
859,三好 十郎,Juro Miyoshi,1949,胎内,http://www.aozora.gr.jp/cards/001311/files/50080_42255.html,934,72700,24
860,森本 薫,Kaoru Morimoto,1935,華々しき一族,http://www.aozora.gr.jp/cards/000827/files/3411_43434.html,914,72834,18
861,夢野 久作,Kyusaku Yumeno,1926,豚吉とヒョロ子,http://www.aozora.gr.jp/cards/000096/files/916_21818.html,905,47214,30
862,三木 清,Kiyoshi Miki,1940,哲学入門,http://www.aozora.gr.jp/cards/000218/files/43023_26592.html,901,77080,44
863,海野 十三,Juza Unno,1939,人造人間エフ氏,http://www.aozora.gr.jp/cards/000160/files/3372_15511.html,870,45131,28
864,宮本 百合子,Yuriko Miyamoto,1981,錦木,http://www.aozora.gr.jp/cards/000311/files/15941_35057.html,862,38799,44
865,宮沢 賢治,Kenji Miyazawa,1967,銀河鉄道の夜,http://www.aozora.gr.jp/cards/000081/files/43737_19215.html,851,78395,41
866,作者不詳,Sakushafusho,1923,アイヌ神謡集,http://www.aozora.gr.jp/cards/001529/files/44909_29558.html,840,44733,17
867,キャロル ルイス,Lewis Carroll,,アリスはふしぎの国で,http://www.aozora.gr.jp/cards/001393/files/57320_57183.html,825,63247,34
868,江戸川 乱歩,Ranpo Edogawa,1949,青銅の魔人,http://www.aozora.gr.jp/cards/001779/files/56671_59636.html,800,61651,34
869,戸坂 潤,Jun Tosaka,,空間概念の分析,http://www.aozora.gr.jp/cards/000281/files/43266_35637.html,771,44595,45
870,ウェルズ ハーバート・ジョージ,Herbert George Wells,1982,透明人間,http://www.aozora.gr.jp/cards/001430/files/50346_40111.html,750,111514,29
871,海野 十三,Juza Unno,1947,宇宙の迷子,http://www.aozora.gr.jp/cards/000160/files/3354_12228.html,717,34593,29
872,江戸川 乱歩,Ranpo Edogawa,1952,怪奇四十面相,http://www.aozora.gr.jp/cards/001779/files/56673_58827.html,692,69227,33
873,江戸川 乱歩,Ranpo Edogawa,1953,宇宙怪人,http://www.aozora.gr.jp/cards/001779/files/56674_61591.html,670,67282,32
874,江戸川 乱歩,Ranpo Edogawa,1950,虎の牙,http://www.aozora.gr.jp/cards/001779/files/56672_61232.html,652,71679,32
875,江戸川 乱歩,Ranpo Edogawa,1951,透明怪人,http://www.aozora.gr.jp/cards/001779/files/57229_61350.html,639,72107,33
876,サン＝テグジュペリ アントワーヌ・ド,Antoine de Saint-Exupery,,あのときの王子くん,http://www.aozora.gr.jp/cards/001265/files/46817_24670.html,633,42675,24
877,江戸川 乱歩,Ranpo Edogawa,1956,黄金豹,http://www.aozora.gr.jp/cards/001779/files/56678_62114.html,633,58057,31
878,江戸川 乱歩,Ranpo Edogawa,1958,鉄人Ｑ,http://www.aozora.gr.jp/cards/001779/files/57108_60897.html,604,57760,30
879,江戸川 乱歩,Ranpo Edogawa,1954,鉄塔の怪人,http://www.aozora.gr.jp/cards/001779/files/56675_60137.html,602,61072,31
880,江戸川 乱歩,Ranpo Edogawa,1956,魔法博士,http://www.aozora.gr.jp/cards/001779/files/56679_62562.html,591,56836,30
881,江戸川 乱歩,Ranpo Edogawa,1955,海底の魔術師,http://www.aozora.gr.jp/cards/001779/files/56677_60227.html,591,56427,33
882,江戸川 乱歩,Ranpo Edogawa,1955,灰色の巨人,http://www.aozora.gr.jp/cards/001779/files/56676_61994.html,586,57896,32
883,江戸川 乱歩,Ranpo Edogawa,1957,サーカスの怪人,http://www.aozora.gr.jp/cards/001779/files/56680_62855.html,565,56666,30
884,高山 毅,Tsuyoshi Takayama,1981,福沢諭吉,http://www.aozora.gr.jp/cards/001541/files/52212_46230.html,554,115487,38
885,西田 幾多郎,Kitaro Nishida,1939,絶対矛盾的自己同一,http://www.aozora.gr.jp/cards/000182/files/1755_53374.html,535,37611,44
886,江戸川 乱歩,Ranpo Edogawa,1958,塔上の奇術師,http://www.aozora.gr.jp/cards/001779/files/57109_60816.html,532,56148,32
887,江戸川 乱歩,Ranpo Edogawa,1958,ふしぎな人,http://www.aozora.gr.jp/cards/001779/files/57230_59480.html,224,34821,33
